source_dataset_id,institution,sector,fiscal_year,budget_amount_krw,expenditure_amount_krw,unit,source_org
15042430,경기도 하남시,일반공공행정,2024,68922611330,57953385580,KRW,경기도 하남시
15042430,경기도 하남시,공공질서및안전,2024,8705912000,8345574010,KRW,경기도 하남시
15042430,경기도 하남시,교육,2024,28376198000,27067399090,KRW,경기도 하남시
15042430,경기도 하남시,문화및관광,2024,75347237300,56138609860,KRW,경기도 하남시
15042430,경기도 하남시,환경,2024,44702301010,39639099420,KRW,경기도 하남시
15042430,경기도 하남시,사회복지,2024,491000000000,471000000000,KRW,경기도 하남시
15042430,경기도 하남시,보건,2024,33311187000,32650635469,KRW,경기도 하남시
15042430,경기도 하남시,농림해양수산,2024,13667490800,11465840510,KRW,경기도 하남시
15042430,경기도 하남시,산업ㆍ중소기업및에너지,2024,21006443000,19066081910,KRW,경기도 하남시
15042430,경기도 하남시,교통및물류,2024,123000000000,105000000000,KRW,경기도 하남시
15042430,경기도 하남시,국토및지역개발,2024,77198298880,51594457169,KRW,경기도 하남시
15042430,경기도 하남시,예비비,2024,327922000,0,KRW,경기도 하남시
15042430,경기도 하남시,기타,2024,105000000000,102000000000,KRW,경기도 하남시
15063594,전북특별자치도 장수군,일반공공행정,2024,37738742690,31831419378,KRW,전북특별자치도 장수군
15063594,전북특별자치도 장수군,공공질서및안전,2024,13430423530,9466695790,KRW,전북특별자치도 장수군
15063594,전북특별자치도 장수군,교육,2024,3464051000,3449268630,KRW,전북특별자치도 장수군
15063594,전북특별자치도 장수군,문화및관광,2024,45519877690,29345591906,KRW,전북특별자치도 장수군
15063594,전북특별자치도 장수군,환경,2024,75764789200,60426405700,KRW,전북특별자치도 장수군
15063594,전북특별자치도 장수군,사회복지,2024,81862225330,79164646760,KRW,전북특별자치도 장수군
15063594,전북특별자치도 장수군,보건,2024,6897988000,6660055140,KRW,전북특별자치도 장수군
15063594,전북특별자치도 장수군,농림해양수산,2024,165649000000,134924000000,KRW,전북특별자치도 장수군
15063594,전북특별자치도 장수군,산업ㆍ중소기업및에너지,2024,15104254320,14119940180,KRW,전북특별자치도 장수군
15063594,전북특별자치도 장수군,교통및물류,2024,15720004750,11422802420,KRW,전북특별자치도 장수군
15063594,전북특별자치도 장수군,국토및지역개발,2024,49562129400,35533673045,KRW,전북특별자치도 장수군
15063594,전북특별자치도 장수군,예비비,2024,1519354000,,KRW,전북특별자치도 장수군
15063594,전북특별자치도 장수군,기타,2024,65038581000,64120552890,KRW,전북특별자치도 장수군
15063594,전북특별자치도 장수군,일반공공행정,2023,37564042770,27882494908,KRW,전북특별자치도 장수군
15063594,전북특별자치도 장수군,공공질서및안전,2023,19047735250,13926961015,KRW,전북특별자치도 장수군
15063594,전북특별자치도 장수군,교육,2023,3192814000,3099977410,KRW,전북특별자치도 장수군
15063594,전북특별자치도 장수군,문화및관광,2023,43147227570,26385121149,KRW,전북특별자치도 장수군
15063594,전북특별자치도 장수군,환경,2023,37267128260,26377697490,KRW,전북특별자치도 장수군
15063594,전북특별자치도 장수군,사회복지,2023,75997508000,72794987670,KRW,전북특별자치도 장수군
15063594,전북특별자치도 장수군,보건,2023,7138048000,6944927350,KRW,전북특별자치도 장수군
15063594,전북특별자치도 장수군,농림해양수산,2023,203000000000,168000000000,KRW,전북특별자치도 장수군
15063594,전북특별자치도 장수군,산업ㆍ중소기업및에너지,2023,17397132910,16950861220,KRW,전북특별자치도 장수군
15063594,전북특별자치도 장수군,교통및물류,2023,19156924870,13025182680,KRW,전북특별자치도 장수군
15063594,전북특별자치도 장수군,국토및지역개발,2023,57835693650,42058735790,KRW,전북특별자치도 장수군
15063594,전북특별자치도 장수군,예비비,2023,25512000,,KRW,전북특별자치도 장수군
15063594,전북특별자치도 장수군,기타,2023,62581828000,61551791830,KRW,전북특별자치도 장수군
15065173,중앙정부(한국재정정보원),일반 지방행정,2018,692483,683844,억원,한국재정정보원
15065173,중앙정부(한국재정정보원),공공질서 및 안전,2018,197237,188128,억원,한국재정정보원
15065173,중앙정부(한국재정정보원),통일 외교,2018,48512,36815,억원,한국재정정보원
15065173,중앙정부(한국재정정보원),국방,2018,433257,412315,억원,한국재정정보원
15065173,중앙정부(한국재정정보원),교육,2018,644637,643411,억원,한국재정정보원
15065173,중앙정부(한국재정정보원),문화 및 관광,2018,66275,63239,억원,한국재정정보원
15065173,중앙정부(한국재정정보원),환경,2018,71825,69867,억원,한국재정정보원
15065173,중앙정부(한국재정정보원),사회복지,2018,1397780,1360380,억원,한국재정정보원
15065173,중앙정부(한국재정정보원),보건,2018,109143,106925,억원,한국재정정보원
15065173,중앙정부(한국재정정보원),농림수산,2018,212243,195821,억원,한국재정정보원
15065173,중앙정부(한국재정정보원),산업 중소기업 및 에너지,2018,188898,187675,억원,한국재정정보원
15065173,중앙정부(한국재정정보원),교통 및 물류,2018,162644,152515,억원,한국재정정보원
15065173,중앙정부(한국재정정보원),통신,2018,71657,62162,억원,한국재정정보원
15065173,중앙정부(한국재정정보원),국토 및 지역개발,2018,39128,36790,억원,한국재정정보원
15065173,중앙정부(한국재정정보원),과학기술,2018,70917,69809,억원,한국재정정보원
15065173,중앙정부(한국재정정보원),예비비,2018,15168,5670,억원,한국재정정보원
15065173,중앙정부(한국재정정보원),일반 지방행정,2019,760413,753543,억원,한국재정정보원
15065173,중앙정부(한국재정정보원),공공질서 및 안전,2019,211126,202277,억원,한국재정정보원
15065173,중앙정부(한국재정정보원),통일 외교,2019,51451,39416,억원,한국재정정보원
15065173,중앙정부(한국재정정보원),국방,2019,466491,449063,억원,한국재정정보원
15065173,중앙정부(한국재정정보원),교육,2019,707831,705300,억원,한국재정정보원
15065173,중앙정부(한국재정정보원),문화 및 관광,2019,75289,72003,억원,한국재정정보원
15065173,중앙정부(한국재정정보원),환경,2019,87772,84842,억원,한국재정정보원
15065173,중앙정부(한국재정정보원),사회복지,2019,1566783,1548464,억원,한국재정정보원
15065173,중앙정부(한국재정정보원),보건,2019,121747,119351,억원,한국재정정보원
15065173,중앙정부(한국재정정보원),농림수산,2019,213760,204327,억원,한국재정정보원
15065173,중앙정부(한국재정정보원),산업 중소기업 및 에너지,2019,208070,205535,억원,한국재정정보원
15065173,중앙정부(한국재정정보원),교통 및 물류,2019,169957,162935,억원,한국재정정보원
15065173,중앙정부(한국재정정보원),통신,2019,75645,70414,억원,한국재정정보원
15065173,중앙정부(한국재정정보원),국토 및 지역개발,2019,45242,43509,억원,한국재정정보원
15065173,중앙정부(한국재정정보원),과학기술,2019,73717,72507,억원,한국재정정보원
15065173,중앙정부(한국재정정보원),예비비,2019,8770,5800,억원,한국재정정보원
15065173,중앙정부(한국재정정보원),일반 지방행정,2020,936334,930789,억원,한국재정정보원
15065173,중앙정부(한국재정정보원),공공질서 및 안전,2020,216463,211306,억원,한국재정정보원
15065173,중앙정부(한국재정정보원),통일 외교,2020,51582,36937,억원,한국재정정보원
15065173,중앙정부(한국재정정보원),국방,2020,477955,462787,억원,한국재정정보원
15065173,중앙정부(한국재정정보원),교육,2020,710647,708898,억원,한국재정정보원
15065173,중앙정부(한국재정정보원),문화 및 관광,2020,84098,81192,억원,한국재정정보원
15065173,중앙정부(한국재정정보원),환경,2020,95691,92626,억원,한국재정정보원
15065173,중앙정부(한국재정정보원),사회복지,2020,1868249,1810483,억원,한국재정정보원
15065173,중앙정부(한국재정정보원),보건,2020,177350,173552,억원,한국재정정보원
15065173,중앙정부(한국재정정보원),농림수산,2020,220027,217404,억원,한국재정정보원
15065173,중앙정부(한국재정정보원),산업 중소기업 및 에너지,2020,374054,372479,억원,한국재정정보원
15065173,중앙정부(한국재정정보원),교통 및 물류,2020,189230,182940,억원,한국재정정보원
15065173,중앙정부(한국재정정보원),통신,2020,83903,80474,억원,한국재정정보원
15065173,중앙정부(한국재정정보원),국토 및 지역개발,2020,50259,47543,억원,한국재정정보원
15065173,중앙정부(한국재정정보원),과학기술,2020,81923,80545,억원,한국재정정보원
15065173,중앙정부(한국재정정보원),예비비,2020,6108,5500,억원,한국재정정보원
15065173,중앙정부(한국재정정보원),일반 지방행정,2021,992611,982202,억원,한국재정정보원
15065173,중앙정부(한국재정정보원),공공질서 및 안전,2021,225558,217040,억원,한국재정정보원
15065173,중앙정부(한국재정정보원),통일 외교,2021,57669,42439,억원,한국재정정보원
15065173,중앙정부(한국재정정보원),국방,2021,515725,492756,억원,한국재정정보원
15065173,중앙정부(한국재정정보원),교육,2021,778279,774260,억원,한국재정정보원
15065173,중앙정부(한국재정정보원),문화 및 관광,2021,90059,84539,억원,한국재정정보원
15065173,중앙정부(한국재정정보원),환경,2021,108656,102178,억원,한국재정정보원
15065173,중앙정부(한국재정정보원),사회복지,2021,1955474,1895931,억원,한국재정정보원
15065173,중앙정부(한국재정정보원),보건,2021,273406,264867,억원,한국재정정보원
15065173,중앙정부(한국재정정보원),농림수산,2021,234948,229001,억원,한국재정정보원
15065173,중앙정부(한국재정정보원),산업 중소기업 및 에너지,2021,482886,461619,억원,한국재정정보원
15065173,중앙정부(한국재정정보원),교통 및 물류,2021,220385,211329,억원,한국재정정보원
15065173,중앙정부(한국재정정보원),통신,2021,86054,81602,억원,한국재정정보원
15065173,중앙정부(한국재정정보원),국토 및 지역개발,2021,53302,50607,억원,한국재정정보원
15065173,중앙정부(한국재정정보원),과학기술,2021,90753,88809,억원,한국재정정보원
15065173,중앙정부(한국재정정보원),예비비,2021,6304,5500,억원,한국재정정보원
15065173,중앙정부(한국재정정보원),일반 지방행정,2022,1111707,1080562,억원,한국재정정보원
15065173,중앙정부(한국재정정보원),공공질서 및 안전,2022,230012,224063,억원,한국재정정보원
15065173,중앙정부(한국재정정보원),통일 외교,2022,58987,45230,억원,한국재정정보원
15065173,중앙정부(한국재정정보원),국방,2022,529994,503810,억원,한국재정정보원
15065173,중앙정부(한국재정정보원),교육,2022,951432,949688,억원,한국재정정보원
15065173,중앙정부(한국재정정보원),문화 및 관광,2022,93544,90118,억원,한국재정정보원
15065173,중앙정부(한국재정정보원),환경,2022,117468,110451,억원,한국재정정보원
15065173,중앙정부(한국재정정보원),사회복지,2022,1999293,1950639,억원,한국재정정보원
15065173,중앙정부(한국재정정보원),보건,2022,347988,327812,억원,한국재정정보원
15065173,중앙정부(한국재정정보원),농림수산,2022,243049,232248,억원,한국재정정보원
15065173,중앙정부(한국재정정보원),산업 중소기업 및 에너지,2022,738781,736504,억원,한국재정정보원
15065173,중앙정부(한국재정정보원),교통 및 물류,2022,229797,217398,억원,한국재정정보원
15065173,중앙정부(한국재정정보원),통신,2022,88931,87350,억원,한국재정정보원
15065173,중앙정부(한국재정정보원),국토 및 지역개발,2022,55391,51069,억원,한국재정정보원
15065173,중앙정부(한국재정정보원),과학기술,2022,95976,94801,억원,한국재정정보원
15065173,중앙정부(한국재정정보원),예비비,2022,11885,5760,억원,한국재정정보원
15065173,중앙정부(한국재정정보원),일반 지방행정,2023,1124761,1035154,억원,한국재정정보원
15065173,중앙정부(한국재정정보원),공공질서 및 안전,2023,231662,227296,억원,한국재정정보원
15065173,중앙정부(한국재정정보원),통일 외교,2023,65287,50285,억원,한국재정정보원
15065173,중앙정부(한국재정정보원),국방,2023,568252,540922,억원,한국재정정보원
15065173,중앙정부(한국재정정보원),교육,2023,962998,855526,억원,한국재정정보원
15065173,중앙정부(한국재정정보원),문화 및 관광,2023,87595,84462,억원,한국재정정보원
15065173,중앙정부(한국재정정보원),환경,2023,123167,113253,억원,한국재정정보원
15065173,중앙정부(한국재정정보원),사회복지,2023,2102131,2047752,억원,한국재정정보원
15065173,중앙정부(한국재정정보원),보건,2023,208666,205672,억원,한국재정정보원
15065173,중앙정부(한국재정정보원),농림수산,2023,253315,239931,억원,한국재정정보원
15065173,중앙정부(한국재정정보원),산업 중소기업 및 에너지,2023,267643,265022,억원,한국재정정보원
15065173,중앙정부(한국재정정보원),교통 및 물류,2023,216258,194525,억원,한국재정정보원
15065173,중앙정부(한국재정정보원),통신,2023,94777,92660,억원,한국재정정보원
15065173,중앙정부(한국재정정보원),국토 및 지역개발,2023,43774,40496,억원,한국재정정보원
15065173,중앙정부(한국재정정보원),과학기술,2023,98918,97605,억원,한국재정정보원
15065173,중앙정부(한국재정정보원),예비비,2023,38660,6072,억원,한국재정정보원
15075214,대전광역시 서구,지방행정ㆍ재정지원,2026,414160,,천원,대전광역시 서구
15075214,대전광역시 서구,일반행정,2026,36956219,,천원,대전광역시 서구
15075214,대전광역시 서구,재난방재ㆍ민방위,2026,2708027,,천원,대전광역시 서구
15075214,대전광역시 서구,유아및초중등교육,2026,7864266,,천원,대전광역시 서구
15075214,대전광역시 서구,평생ㆍ직업교육,2026,1523943,,천원,대전광역시 서구
15075214,대전광역시 서구,문화예술,2026,4463850,,천원,대전광역시 서구
15075214,대전광역시 서구,체육,2026,5263340,,천원,대전광역시 서구
15075214,대전광역시 서구,국가유산,2026,382862,,천원,대전광역시 서구
15075214,대전광역시 서구,상하수도ㆍ수질,2026,19134755,,천원,대전광역시 서구
15075214,대전광역시 서구,폐기물,2026,31429699,,천원,대전광역시 서구
15075214,대전광역시 서구,대기,2026,98510,,천원,대전광역시 서구
15075214,대전광역시 서구,자연,2026,70768,,천원,대전광역시 서구
15075214,대전광역시 서구,환경보호일반,2026,907701,,천원,대전광역시 서구
15075214,대전광역시 서구,기초생활보장,2026,137367288,,천원,대전광역시 서구
15075214,대전광역시 서구,취약계층지원,2026,158419118,,천원,대전광역시 서구
15075214,대전광역시 서구,노동,2026,529839,,천원,대전광역시 서구
15075214,대전광역시 서구,보훈,2026,7218659,,천원,대전광역시 서구
15075214,대전광역시 서구,사회복지일반,2026,2095976,,천원,대전광역시 서구
15075214,대전광역시 서구,보육,2026,140116360,,천원,대전광역시 서구
15075214,대전광역시 서구,가족·여성,2026,42135376,,천원,대전광역시 서구
15075214,대전광역시 서구,노인,2026,216792032,,천원,대전광역시 서구
15075214,대전광역시 서구,청소년,2026,3441617,,천원,대전광역시 서구
15075214,대전광역시 서구,보건의료,2026,29135168,,천원,대전광역시 서구
15075214,대전광역시 서구,식품의약안전,2026,1446640,,천원,대전광역시 서구
15075214,대전광역시 서구,농업ㆍ농촌,2026,5347763,,천원,대전광역시 서구
15075214,대전광역시 서구,임업ㆍ산촌,2026,6060759,,천원,대전광역시 서구
15075214,대전광역시 서구,산업진흥ㆍ고도화,2026,7319056,,천원,대전광역시 서구
15075214,대전광역시 서구,에너지및자원개발,2026,976001,,천원,대전광역시 서구
15075214,대전광역시 서구,도로,2026,6991065,,천원,대전광역시 서구
15075214,대전광역시 서구,대중교통ㆍ물류등기타,2026,10088669,,천원,대전광역시 서구
15075214,대전광역시 서구,지역및도시,2026,21012016,,천원,대전광역시 서구
15075214,대전광역시 서구,예비비,2026,4662398,,천원,대전광역시 서구
15075214,대전광역시 서구,기타,2026,134693100,,천원,대전광역시 서구
15095169,대전광역시 서구,보수,2026,82172119,,천원,대전광역시 서구
15095169,대전광역시 서구,기타직보수,2026,4315851,,천원,대전광역시 서구
15095169,대전광역시 서구,공무직(무기계약)근로자보수,2026,19573887,,천원,대전광역시 서구
15095169,대전광역시 서구,기간제근로자등보수,2026,15722853,,천원,대전광역시 서구
15095169,대전광역시 서구,사무관리비,2026,15748588,,천원,대전광역시 서구
15095169,대전광역시 서구,공공운영비,2026,11190328,,천원,대전광역시 서구
15095169,대전광역시 서구,행사운영비,2026,2441020,,천원,대전광역시 서구
15095169,대전광역시 서구,맞춤형복지제도시행경비,2026,3534560,,천원,대전광역시 서구
15095169,대전광역시 서구,국내여비,2026,810022,,천원,대전광역시 서구
15095169,대전광역시 서구,국제화여비,2026,296500,,천원,대전광역시 서구
15095169,대전광역시 서구,공무원 교육여비,2026,174000,,천원,대전광역시 서구
15095169,대전광역시 서구,기관운영업무추진비,2026,239440,,천원,대전광역시 서구
15095169,대전광역시 서구,정원가산업무추진비,2026,53552,,천원,대전광역시 서구
15095169,대전광역시 서구,시책추진업무추진비,2026,242280,,천원,대전광역시 서구
15095169,대전광역시 서구,부서운영업무추진비,2026,200496,,천원,대전광역시 서구
15095169,대전광역시 서구,직책급업무수행경비,2026,150900,,천원,대전광역시 서구
15095169,대전광역시 서구,특정업무경비,2026,608400,,천원,대전광역시 서구
15095169,대전광역시 서구,의정활동비,2026,360000,,천원,대전광역시 서구
15095169,대전광역시 서구,월정수당,2026,812655,,천원,대전광역시 서구
15095169,대전광역시 서구,의원국내여비,2026,34920,,천원,대전광역시 서구
15095169,대전광역시 서구,의원국외여비,2026,78000,,천원,대전광역시 서구
15095169,대전광역시 서구,의정운영공통경비,2026,137101,,천원,대전광역시 서구
15095169,대전광역시 서구,의회운영업무추진비,2026,127200,,천원,대전광역시 서구
15095169,대전광역시 서구,"의원역량개발비(공공위탁,자체교육)",2026,9700,,천원,대전광역시 서구
15095169,대전광역시 서구,의원역량개발비(민간위탁),2026,18000,,천원,대전광역시 서구
15095169,대전광역시 서구,의원정책개발비,2026,100000,,천원,대전광역시 서구
15095169,대전광역시 서구,의장협의체부담금,2026,10000,,천원,대전광역시 서구
15095169,대전광역시 서구,의원국민연금부담금,2026,38602,,천원,대전광역시 서구
15095169,대전광역시 서구,의원국민건강부담금,2026,32999,,천원,대전광역시 서구
15095169,대전광역시 서구,재료비,2026,1319409,,천원,대전광역시 서구
15095169,대전광역시 서구,연구용역비,2026,113500,,천원,대전광역시 서구
15095169,대전광역시 서구,전산개발비,2026,196000,,천원,대전광역시 서구
15095169,대전광역시 서구,사회보장적수혜금(국고보조재원),2026,487381829,,천원,대전광역시 서구
15095169,대전광역시 서구,"사회보장적수혜금(취약계층, 지방재원)",2026,41229590,,천원,대전광역시 서구
15095169,대전광역시 서구,사회보장적수혜금(지방재원),2026,714000,,천원,대전광역시 서구
15095169,대전광역시 서구,장학금및학자금,2026,76000,,천원,대전광역시 서구
15095169,대전광역시 서구,자율방범대실비지원,2026,100080,,천원,대전광역시 서구
15095169,대전광역시 서구,통장ㆍ이장ㆍ반장활동보상금,2026,5019000,,천원,대전광역시 서구
15095169,대전광역시 서구,민간인국외여비,2026,6000,,천원,대전광역시 서구
15095169,대전광역시 서구,외빈초청여비,2026,15000,,천원,대전광역시 서구
15095169,대전광역시 서구,사회복무요원보상금,2026,2304365,,천원,대전광역시 서구
15095169,대전광역시 서구,행사실비지원금,2026,191493,,천원,대전광역시 서구
15095169,대전광역시 서구,예술단원ㆍ운동부등보상금,2026,40550,,천원,대전광역시 서구
15095169,대전광역시 서구,기타보상금,2026,6589945,,천원,대전광역시 서구
15095169,대전광역시 서구,민간인재해및복구활동보상금,2026,236690,,천원,대전광역시 서구
15095169,대전광역시 서구,포상금,2026,109400,,천원,대전광역시 서구
15095169,대전광역시 서구,연금부담금,2026,19377332,,천원,대전광역시 서구
15095169,대전광역시 서구,국민건강보험금,2026,3441125,,천원,대전광역시 서구
15095169,대전광역시 서구,공무직(무기계약)근로자 보험료부담금 등,2026,2459731,,천원,대전광역시 서구
15095169,대전광역시 서구,배상금등,2026,32400,,천원,대전광역시 서구
15095169,대전광역시 서구,출연금,2026,312295,,천원,대전광역시 서구
15095169,대전광역시 서구,의료 및 회복비,2026,14632075,,천원,대전광역시 서구
15095169,대전광역시 서구,민간경상사업보조,2026,3332884,,천원,대전광역시 서구
15095169,대전광역시 서구,민간단체법정운영비보조,2026,1786264,,천원,대전광역시 서구
15095169,대전광역시 서구,민간행사사업보조,2026,625060,,천원,대전광역시 서구
15095169,대전광역시 서구,민간위탁금,2026,20456599,,천원,대전광역시 서구
15095169,대전광역시 서구,보험금,2026,75284,,천원,대전광역시 서구
15095169,대전광역시 서구,연금지급금,2026,386830,,천원,대전광역시 서구
15095169,대전광역시 서구,이차보전금,2026,760800,,천원,대전광역시 서구
15095169,대전광역시 서구,운수업계보조금,2026,3980755,,천원,대전광역시 서구
15095169,대전광역시 서구,사회복지시설법정운영비보조,2026,113299828,,천원,대전광역시 서구
15095169,대전광역시 서구,사회복지사업보조,2026,54977434,,천원,대전광역시 서구
15095169,대전광역시 서구,민간인위탁교육비,2026,3600,,천원,대전광역시 서구
15095169,대전광역시 서구,자치단체간부담금,2026,48000,,천원,대전광역시 서구
15095169,대전광역시 서구,교육기관에대한보조,2026,7288723,,천원,대전광역시 서구
15095169,대전광역시 서구,시·군·구 교육비특별회계 법정전출금,2026,220488,,천원,대전광역시 서구
15095169,대전광역시 서구,예비군육성지원경상보조,2026,78980,,천원,대전광역시 서구
15095169,대전광역시 서구,공기관등에대한경상적위탁사업비,2026,25282065,,천원,대전광역시 서구
15095169,대전광역시 서구,기타부담금,2026,3557708,,천원,대전광역시 서구
15095169,대전광역시 서구,시설비,2026,48630543,,천원,대전광역시 서구
15095169,대전광역시 서구,감리비,2026,4261704,,천원,대전광역시 서구
15095169,대전광역시 서구,시설부대비,2026,76240,,천원,대전광역시 서구
15095169,대전광역시 서구,행사관련시설비,2026,30000,,천원,대전광역시 서구
15095169,대전광역시 서구,민간자본사업보조(자체재원),2026,232500,,천원,대전광역시 서구
15095169,대전광역시 서구,민간자본사업보조(이전재원),2026,4420961,,천원,대전광역시 서구
15095169,대전광역시 서구,민간위탁사업비,2026,351389,,천원,대전광역시 서구
15095169,대전광역시 서구,공기관등에대한자본적위탁사업비,2026,605731,,천원,대전광역시 서구
15095169,대전광역시 서구,예비군육성지원자본보조,2026,31020,,천원,대전광역시 서구
15095169,대전광역시 서구,자산및물품취득비,2026,1059110,,천원,대전광역시 서구
15095169,대전광역시 서구,도서구입비,2026,544500,,천원,대전광역시 서구
15095169,대전광역시 서구,기타자본이전,2026,105000,,천원,대전광역시 서구
15095169,대전광역시 서구,기금전출금,2026,682822,,천원,대전광역시 서구
15095169,대전광역시 서구,일반예비비,2026,3633836,,천원,대전광역시 서구
15095169,대전광역시 서구,재해ㆍ재난목적예비비,2026,1000000,,천원,대전광역시 서구
15095169,대전광역시 서구,내부유보금,2026,107780,,천원,대전광역시 서구
15095169,대전광역시 서구,기타반환금등,2026,780,,천원,대전광역시 서구
15095171,대전광역시 서구,홍보담당관,2026,2294343,,천원,대전광역시 서구
15095171,대전광역시 서구,기획예산과,2026,10967847,,천원,대전광역시 서구
15095171,대전광역시 서구,공공건축과,2026,9874834,,천원,대전광역시 서구
15095171,대전광역시 서구,세정과,2026,1156658,,천원,대전광역시 서구
15095171,대전광역시 서구,세원관리과,2026,631030,,천원,대전광역시 서구
15095171,대전광역시 서구,운영지원과,2026,102838471,,천원,대전광역시 서구
15095171,대전광역시 서구,자치행정과,2026,13049615,,천원,대전광역시 서구
15095171,대전광역시 서구,문화체육과,2026,7689630,,천원,대전광역시 서구
15095171,대전광역시 서구,민원여권과,2026,683931,,천원,대전광역시 서구
15095171,대전광역시 서구,복지정책과,2026,24151677,,천원,대전광역시 서구
15095171,대전광역시 서구,노인장애인과,2026,316747969,,천원,대전광역시 서구
15095171,대전광역시 서구,여성가족복지과,2026,173803246,,천원,대전광역시 서구
15095171,대전광역시 서구,아동복지과,2026,194944283,,천원,대전광역시 서구
15095171,대전광역시 서구,위생과,2026,1675504,,천원,대전광역시 서구
15095171,대전광역시 서구,전략사업과,2026,1782157,,천원,대전광역시 서구
15095171,대전광역시 서구,지역경제과,2026,20671353,,천원,대전광역시 서구
15095171,대전광역시 서구,기후환경과,2026,2010290,,천원,대전광역시 서구
15095171,대전광역시 서구,자원순환과,2026,42513017,,천원,대전광역시 서구
15095171,대전광역시 서구,도시계획과,2026,479611,,천원,대전광역시 서구
15095171,대전광역시 서구,도시정비과,2026,3952799,,천원,대전광역시 서구
15095171,대전광역시 서구,공원녹지과,2026,14018391,,천원,대전광역시 서구
15095171,대전광역시 서구,건축과,2026,391760,,천원,대전광역시 서구
15095171,대전광역시 서구,공동주택과,2026,1040734,,천원,대전광역시 서구
15095171,대전광역시 서구,재난안전과,2026,1855660,,천원,대전광역시 서구
15095171,대전광역시 서구,건설과,2026,27145611,,천원,대전광역시 서구
15095171,대전광역시 서구,교통과,2026,4872168,,천원,대전광역시 서구
15095171,대전광역시 서구,주차행정과,2026,8437830,,천원,대전광역시 서구
15095171,대전광역시 서구,토지정보과,2026,1480979,,천원,대전광역시 서구
15095171,대전광역시 서구,감사위원회,2026,217467,,천원,대전광역시 서구
15095171,대전광역시 서구,보건행정과,2026,17524670,,천원,대전광역시 서구
15095171,대전광역시 서구,건강증진과,2026,8796134,,천원,대전광역시 서구
15095171,대전광역시 서구,정신의약과,2026,9929817,,천원,대전광역시 서구
15095171,대전광역시 서구,의회사무국,2026,5168823,,천원,대전광역시 서구
15095171,대전광역시 서구,평생학습과,2026,4497502,,천원,대전광역시 서구
15095171,대전광역시 서구,도서관운영과,2026,3968268,,천원,대전광역시 서구
15095171,대전광역시 서구,복수동,2026,242424,,천원,대전광역시 서구
15095171,대전광역시 서구,도마1동,2026,261111,,천원,대전광역시 서구
15095171,대전광역시 서구,도마2동,2026,222411,,천원,대전광역시 서구
15095171,대전광역시 서구,정림동,2026,212221,,천원,대전광역시 서구
15095171,대전광역시 서구,변동,2026,262090,,천원,대전광역시 서구
15095171,대전광역시 서구,용문동,2026,281877,,천원,대전광역시 서구
15095171,대전광역시 서구,탄방동,2026,238125,,천원,대전광역시 서구
15095171,대전광역시 서구,둔산1동,2026,238725,,천원,대전광역시 서구
15095171,대전광역시 서구,둔산2동,2026,229870,,천원,대전광역시 서구
15095171,대전광역시 서구,둔산3동,2026,296467,,천원,대전광역시 서구
15095171,대전광역시 서구,괴정동,2026,231032,,천원,대전광역시 서구
15095171,대전광역시 서구,가장동,2026,194787,,천원,대전광역시 서구
15095171,대전광역시 서구,내동,2026,211454,,천원,대전광역시 서구
15095171,대전광역시 서구,갈마1동,2026,238870,,천원,대전광역시 서구
15095171,대전광역시 서구,갈마2동,2026,248618,,천원,대전광역시 서구
15095171,대전광역시 서구,월평1동,2026,204776,,천원,대전광역시 서구
15095171,대전광역시 서구,월평2동,2026,270502,,천원,대전광역시 서구
15095171,대전광역시 서구,월평3동,2026,205562,,천원,대전광역시 서구
15095171,대전광역시 서구,만년동,2026,202578,,천원,대전광역시 서구
15095171,대전광역시 서구,가수원동,2026,226715,,천원,대전광역시 서구
15095171,대전광역시 서구,도안동,2026,257750,,천원,대전광역시 서구
15095171,대전광역시 서구,관저1동,2026,308437,,천원,대전광역시 서구
15095171,대전광역시 서구,관저2동,2026,294467,,천원,대전광역시 서구
15095171,대전광역시 서구,기성동,2026,222052,,천원,대전광역시 서구
15132492,인천광역시 연수구,기획예산실,2026,25832,,백만원,인천광역시 연수구
15132492,인천광역시 연수구,비전전략실,2026,3725,,백만원,인천광역시 연수구
15132492,인천광역시 연수구,감사실,2026,113,,백만원,인천광역시 연수구
15132492,인천광역시 연수구,홍보소통실,2026,1740,,백만원,인천광역시 연수구
15132492,인천광역시 연수구,송도행정과,2026,348,,백만원,인천광역시 연수구
15132492,인천광역시 연수구,일자리정책과,2026,3055,,백만원,인천광역시 연수구
15132492,인천광역시 연수구,송도세무과,2026,82,,백만원,인천광역시 연수구
15132492,인천광역시 연수구,스마트혁신과,2026,584,,백만원,인천광역시 연수구
15132492,인천광역시 연수구,송도도시관리과,2026,11061,,백만원,인천광역시 연수구
15132492,인천광역시 연수구,송도생활지원과,2026,19052,,백만원,인천광역시 연수구
15132492,인천광역시 연수구,경제산업과,2026,4974,,백만원,인천광역시 연수구
15132492,인천광역시 연수구,재무회계과,2026,8521,,백만원,인천광역시 연수구
15132492,인천광역시 연수구,세무과,2026,1457,,백만원,인천광역시 연수구
15132492,인천광역시 연수구,위생정책과,2026,395,,백만원,인천광역시 연수구
15132492,인천광역시 연수구,토지정보과,2026,870,,백만원,인천광역시 연수구
15132492,인천광역시 연수구,복지정책과,2026,18947,,백만원,인천광역시 연수구
15132492,인천광역시 연수구,사회보장과,2026,66013,,백만원,인천광역시 연수구
15132492,인천광역시 연수구,노인장애인과,2026,217693,,백만원,인천광역시 연수구
15132492,인천광역시 연수구,여성아동과,2026,59286,,백만원,인천광역시 연수구
15132492,인천광역시 연수구,출산보육과,2026,162123,,백만원,인천광역시 연수구
15132492,인천광역시 연수구,안전관리과,2026,2273,,백만원,인천광역시 연수구
15132492,인천광역시 연수구,건축과,2026,18260,,백만원,인천광역시 연수구
15132492,인천광역시 연수구,주택과,2026,4452,,백만원,인천광역시 연수구
15132492,인천광역시 연수구,청소행정과,2026,30634,,백만원,인천광역시 연수구
15132492,인천광역시 연수구,환경보전과,2026,1782,,백만원,인천광역시 연수구
15132492,인천광역시 연수구,정보통신과,2026,3777,,백만원,인천광역시 연수구
15132492,인천광역시 연수구,건설과,2026,12395,,백만원,인천광역시 연수구
15132492,인천광역시 연수구,도시계획과,2026,579,,백만원,인천광역시 연수구
15132492,인천광역시 연수구,공원녹지과,2026,17729,,백만원,인천광역시 연수구
15132492,인천광역시 연수구,교통행정과,2026,12833,,백만원,인천광역시 연수구
15132492,인천광역시 연수구,차량민원과,2026,2595,,백만원,인천광역시 연수구
15132492,인천광역시 연수구,총무과,2026,90840,,백만원,인천광역시 연수구
15132492,인천광역시 연수구,자치행정과,2026,6393,,백만원,인천광역시 연수구
15132492,인천광역시 연수구,문화관광과,2026,11375,,백만원,인천광역시 연수구
15132492,인천광역시 연수구,체육청소년과,2026,13248,,백만원,인천광역시 연수구
15132492,인천광역시 연수구,교육지원과,2026,15417,,백만원,인천광역시 연수구
15132492,인천광역시 연수구,민원여권과,2026,1351,,백만원,인천광역시 연수구
15132492,인천광역시 연수구,의회사무국,2026,2279,,백만원,인천광역시 연수구
15132492,인천광역시 연수구,보건행정과,2026,1865,,백만원,인천광역시 연수구
15132492,인천광역시 연수구,건강증진과,2026,10923,,백만원,인천광역시 연수구
15132492,인천광역시 연수구,감염병관리과,2026,13283,,백만원,인천광역시 연수구
15132492,인천광역시 연수구,치매정신건강과,2026,4290,,백만원,인천광역시 연수구
15132492,인천광역시 연수구,송도건강생활지원센터,2026,707,,백만원,인천광역시 연수구
15132492,인천광역시 연수구,연수구립도서관,2026,7261,,백만원,인천광역시 연수구
15132492,인천광역시 연수구,옥련1동,2026,365,,백만원,인천광역시 연수구
15132492,인천광역시 연수구,옥련2동,2026,353,,백만원,인천광역시 연수구
15132492,인천광역시 연수구,선학동,2026,362,,백만원,인천광역시 연수구
15132492,인천광역시 연수구,연수1동,2026,509,,백만원,인천광역시 연수구
15132492,인천광역시 연수구,연수2동,2026,352,,백만원,인천광역시 연수구
15132492,인천광역시 연수구,연수3동,2026,343,,백만원,인천광역시 연수구
15132492,인천광역시 연수구,청학동,2026,495,,백만원,인천광역시 연수구
15132492,인천광역시 연수구,동춘1동,2026,364,,백만원,인천광역시 연수구
15132492,인천광역시 연수구,동춘2동,2026,383,,백만원,인천광역시 연수구
15132492,인천광역시 연수구,동춘3동,2026,290,,백만원,인천광역시 연수구
15132492,인천광역시 연수구,송도1동,2026,495,,백만원,인천광역시 연수구
15132492,인천광역시 연수구,송도2동,2026,488,,백만원,인천광역시 연수구
15132492,인천광역시 연수구,송도3동,2026,582,,백만원,인천광역시 연수구
15132492,인천광역시 연수구,송도4동,2026,573,,백만원,인천광역시 연수구
15132492,인천광역시 연수구,송도5동,2026,534,,백만원,인천광역시 연수구
15132492,인천광역시 연수구,송도정책과,2025,750,,백만원,인천광역시 연수구
15132492,인천광역시 연수구,송도시설관리과,2025,26333,,백만원,인천광역시 연수구
15132492,인천광역시 연수구,비전전략실,2025,16758,,백만원,인천광역시 연수구
15132492,인천광역시 연수구,홍보소통실,2025,1927,,백만원,인천광역시 연수구
15132492,인천광역시 연수구,감사실,2025,116,,백만원,인천광역시 연수구
15132492,인천광역시 연수구,기획예산과,2025,25836,,백만원,인천광역시 연수구
15132492,인천광역시 연수구,경제산업과,2025,7839,,백만원,인천광역시 연수구
15132492,인천광역시 연수구,위생정책과,2025,1287,,백만원,인천광역시 연수구
15132492,인천광역시 연수구,재무회계과,2025,7744,,백만원,인천광역시 연수구
15132492,인천광역시 연수구,세무1과,2025,801,,백만원,인천광역시 연수구
15132492,인천광역시 연수구,세무2과,2025,580,,백만원,인천광역시 연수구
15132492,인천광역시 연수구,토지정보과,2025,1580,,백만원,인천광역시 연수구
15132492,인천광역시 연수구,복지정책과,2025,19808,,백만원,인천광역시 연수구
15132492,인천광역시 연수구,사회보장과,2025,61150,,백만원,인천광역시 연수구
15132492,인천광역시 연수구,노인장애인과,2025,200551,,백만원,인천광역시 연수구
15132492,인천광역시 연수구,여성아동과,2025,51263,,백만원,인천광역시 연수구
15132492,인천광역시 연수구,출산보육과,2025,144816,,백만원,인천광역시 연수구
15132492,인천광역시 연수구,교통행정과,2025,10042,,백만원,인천광역시 연수구
15132492,인천광역시 연수구,차량민원과,2025,2200,,백만원,인천광역시 연수구
15132492,인천광역시 연수구,건설과,2025,13176,,백만원,인천광역시 연수구
15132492,인천광역시 연수구,건축과,2025,17577,,백만원,인천광역시 연수구
15132492,인천광역시 연수구,주택과,2025,4656,,백만원,인천광역시 연수구
15132492,인천광역시 연수구,도시계획과,2025,1377,,백만원,인천광역시 연수구
15132492,인천광역시 연수구,청소행정과,2025,30424,,백만원,인천광역시 연수구
15132492,인천광역시 연수구,환경보전과,2025,2071,,백만원,인천광역시 연수구
15132492,인천광역시 연수구,공원녹지과,2025,23756,,백만원,인천광역시 연수구
15132492,인천광역시 연수구,총무과,2025,87014,,백만원,인천광역시 연수구
15132492,인천광역시 연수구,자치행정과,2025,2870,,백만원,인천광역시 연수구
15132492,인천광역시 연수구,안전관리과,2025,4768,,백만원,인천광역시 연수구
15132492,인천광역시 연수구,문화관광과,2025,14876,,백만원,인천광역시 연수구
15132492,인천광역시 연수구,체육청소년과,2025,10767,,백만원,인천광역시 연수구
15132492,인천광역시 연수구,교육지원과,2025,16238,,백만원,인천광역시 연수구
15132492,인천광역시 연수구,민원여권과,2025,1134,,백만원,인천광역시 연수구
15132492,인천광역시 연수구,보건행정과,2025,2972,,백만원,인천광역시 연수구
15132492,인천광역시 연수구,건강증진과,2025,7577,,백만원,인천광역시 연수구
15132492,인천광역시 연수구,감염병관리과,2025,9999,,백만원,인천광역시 연수구
15132492,인천광역시 연수구,치매정신건강과,2025,4243,,백만원,인천광역시 연수구
15132492,인천광역시 연수구,송도건강생활지원센터,2025,902,,백만원,인천광역시 연수구
15132492,인천광역시 연수구,연수청학도서관,2025,5942,,백만원,인천광역시 연수구
15132492,인천광역시 연수구,의회사무국,2025,2049,,백만원,인천광역시 연수구
15132492,인천광역시 연수구,옥련1동,2025,350,,백만원,인천광역시 연수구
15132492,인천광역시 연수구,옥련2동,2025,361,,백만원,인천광역시 연수구
15132492,인천광역시 연수구,선학동,2025,366,,백만원,인천광역시 연수구
15132492,인천광역시 연수구,연수1동,2025,508,,백만원,인천광역시 연수구
15132492,인천광역시 연수구,연수2동,2025,414,,백만원,인천광역시 연수구
15132492,인천광역시 연수구,연수3동,2025,410,,백만원,인천광역시 연수구
15132492,인천광역시 연수구,청학동,2025,490,,백만원,인천광역시 연수구
15132492,인천광역시 연수구,동춘1동,2025,361,,백만원,인천광역시 연수구
15132492,인천광역시 연수구,동춘2동,2025,314,,백만원,인천광역시 연수구
15132492,인천광역시 연수구,동춘3동,2025,285,,백만원,인천광역시 연수구
15132492,인천광역시 연수구,송도1동,2025,483,,백만원,인천광역시 연수구
15132492,인천광역시 연수구,송도2동,2025,507,,백만원,인천광역시 연수구
15132492,인천광역시 연수구,송도3동,2025,569,,백만원,인천광역시 연수구
15132492,인천광역시 연수구,송도4동,2025,512,,백만원,인천광역시 연수구
15132492,인천광역시 연수구,송도5동,2025,498,,백만원,인천광역시 연수구
15132492,인천광역시 연수구,송도정책과,2024,557,,백만원,인천광역시 연수구
15132492,인천광역시 연수구,송도시설관리과,2024,29978,,백만원,인천광역시 연수구
15132492,인천광역시 연수구,비전전략실,2024,12673,,백만원,인천광역시 연수구
15132492,인천광역시 연수구,홍보소통실,2024,1643,,백만원,인천광역시 연수구
15132492,인천광역시 연수구,감사실,2024,134,,백만원,인천광역시 연수구
15132492,인천광역시 연수구,기획예산과,2024,15123,,백만원,인천광역시 연수구
15132492,인천광역시 연수구,경제지원과,2024,3755,,백만원,인천광역시 연수구
15132492,인천광역시 연수구,일자리정책과,2024,2124,,백만원,인천광역시 연수구
15132492,인천광역시 연수구,재무회계과,2024,8172,,백만원,인천광역시 연수구
15132492,인천광역시 연수구,세무1과,2024,775,,백만원,인천광역시 연수구
15132492,인천광역시 연수구,세무2과,2024,532,,백만원,인천광역시 연수구
15132492,인천광역시 연수구,복지정책과,2024,17864,,백만원,인천광역시 연수구
15132492,인천광역시 연수구,사회보장과,2024,57760,,백만원,인천광역시 연수구
15132492,인천광역시 연수구,노인장애인과,2024,185723,,백만원,인천광역시 연수구
15132492,인천광역시 연수구,여성아동과,2024,52702,,백만원,인천광역시 연수구
15132492,인천광역시 연수구,출산보육과,2024,137436,,백만원,인천광역시 연수구
15132492,인천광역시 연수구,청소행정과,2024,31774,,백만원,인천광역시 연수구
15132492,인천광역시 연수구,위생정책과,2024,1166,,백만원,인천광역시 연수구
15132492,인천광역시 연수구,환경보전과,2024,3186,,백만원,인천광역시 연수구
15132492,인천광역시 연수구,건설과,2024,13236,,백만원,인천광역시 연수구
15132492,인천광역시 연수구,건축과,2024,17166,,백만원,인천광역시 연수구
15132492,인천광역시 연수구,도시주택과,2024,9780,,백만원,인천광역시 연수구
15132492,인천광역시 연수구,도시계획과,2024,1101,,백만원,인천광역시 연수구
15132492,인천광역시 연수구,공원녹지과,2024,16565,,백만원,인천광역시 연수구
15132492,인천광역시 연수구,토지정보과,2024,1883,,백만원,인천광역시 연수구
15132492,인천광역시 연수구,교통행정과,2024,8346,,백만원,인천광역시 연수구
15132492,인천광역시 연수구,차량민원과,2024,2573,,백만원,인천광역시 연수구
15132492,인천광역시 연수구,총무과,2024,87912,,백만원,인천광역시 연수구
15132492,인천광역시 연수구,자치행정과,2024,2324,,백만원,인천광역시 연수구
15132492,인천광역시 연수구,안전관리과,2024,3379,,백만원,인천광역시 연수구
15132492,인천광역시 연수구,문화체육과,2024,13806,,백만원,인천광역시 연수구
15132492,인천광역시 연수구,교육지원과,2024,15355,,백만원,인천광역시 연수구
15132492,인천광역시 연수구,민원여권과,2024,929,,백만원,인천광역시 연수구
15132492,인천광역시 연수구,보건행정과,2024,1642,,백만원,인천광역시 연수구
15132492,인천광역시 연수구,건강증진과,2024,9971,,백만원,인천광역시 연수구
15132492,인천광역시 연수구,감염병관리과,2024,8641,,백만원,인천광역시 연수구
15132492,인천광역시 연수구,송도건강생활지원센터,2024,674,,백만원,인천광역시 연수구
15132492,인천광역시 연수구,연수청학도서관,2024,5188,,백만원,인천광역시 연수구
15132492,인천광역시 연수구,의회사무국,2024,1855,,백만원,인천광역시 연수구
15132492,인천광역시 연수구,옥련1동,2024,291,,백만원,인천광역시 연수구
15132492,인천광역시 연수구,옥련2동,2024,641,,백만원,인천광역시 연수구
15132492,인천광역시 연수구,선학동,2024,329,,백만원,인천광역시 연수구
15132492,인천광역시 연수구,연수1동,2024,456,,백만원,인천광역시 연수구
15132492,인천광역시 연수구,연수2동,2024,324,,백만원,인천광역시 연수구
15132492,인천광역시 연수구,연수3동,2024,333,,백만원,인천광역시 연수구
15132492,인천광역시 연수구,청학동,2024,776,,백만원,인천광역시 연수구
15132492,인천광역시 연수구,동춘1동,2024,342,,백만원,인천광역시 연수구
15132492,인천광역시 연수구,동춘2동,2024,281,,백만원,인천광역시 연수구
15132492,인천광역시 연수구,동춘3동,2024,260,,백만원,인천광역시 연수구
15132492,인천광역시 연수구,송도1동,2024,405,,백만원,인천광역시 연수구
15132492,인천광역시 연수구,송도2동,2024,417,,백만원,인천광역시 연수구
15132492,인천광역시 연수구,송도3동,2024,505,,백만원,인천광역시 연수구
15132492,인천광역시 연수구,송도4동,2024,422,,백만원,인천광역시 연수구
15132492,인천광역시 연수구,송도5동,2024,667,,백만원,인천광역시 연수구
15132492,인천광역시 연수구,송도관리단,2023,25629,,백만원,인천광역시 연수구
15132492,인천광역시 연수구,비전전략실,2023,27881,,백만원,인천광역시 연수구
15132492,인천광역시 연수구,감사실,2023,135,,백만원,인천광역시 연수구
15132492,인천광역시 연수구,기획예산과,2023,25187,,백만원,인천광역시 연수구
15132492,인천광역시 연수구,경제지원과,2023,6030,,백만원,인천광역시 연수구
15132492,인천광역시 연수구,일자리정책과,2023,4221,,백만원,인천광역시 연수구
15132492,인천광역시 연수구,재무회계과,2023,8506,,백만원,인천광역시 연수구
15132492,인천광역시 연수구,세무1과,2023,768,,백만원,인천광역시 연수구
15132492,인천광역시 연수구,세무2과,2023,594,,백만원,인천광역시 연수구
15132492,인천광역시 연수구,복지정책과,2023,16884,,백만원,인천광역시 연수구
15132492,인천광역시 연수구,사회보장과,2023,50831,,백만원,인천광역시 연수구
15132492,인천광역시 연수구,노인장애인과,2023,167088,,백만원,인천광역시 연수구
15132492,인천광역시 연수구,여성아동과,2023,52058,,백만원,인천광역시 연수구
15132492,인천광역시 연수구,출산보육과,2023,128820,,백만원,인천광역시 연수구
15132492,인천광역시 연수구,청소행정과,2023,32165,,백만원,인천광역시 연수구
15132492,인천광역시 연수구,위생정책과,2023,1211,,백만원,인천광역시 연수구
15132492,인천광역시 연수구,환경보전과,2023,1708,,백만원,인천광역시 연수구
15132492,인천광역시 연수구,건설과,2023,11623,,백만원,인천광역시 연수구
15132492,인천광역시 연수구,건축과,2023,16130,,백만원,인천광역시 연수구
15132492,인천광역시 연수구,도시주택과,2023,7151,,백만원,인천광역시 연수구
15132492,인천광역시 연수구,도시계획과,2023,1894,,백만원,인천광역시 연수구
15132492,인천광역시 연수구,공원녹지과,2023,9565,,백만원,인천광역시 연수구
15132492,인천광역시 연수구,공간정보과,2023,2121,,백만원,인천광역시 연수구
15132492,인천광역시 연수구,교통행정과,2023,9373,,백만원,인천광역시 연수구
15132492,인천광역시 연수구,차량민원과,2023,2343,,백만원,인천광역시 연수구
15132492,인천광역시 연수구,총무과,2023,85514,,백만원,인천광역시 연수구
15132492,인천광역시 연수구,자치행정과,2023,3099,,백만원,인천광역시 연수구
15132492,인천광역시 연수구,안전관리과,2023,5994,,백만원,인천광역시 연수구
15132492,인천광역시 연수구,문화체육과,2023,11423,,백만원,인천광역시 연수구
15132492,인천광역시 연수구,교육지원과,2023,15483,,백만원,인천광역시 연수구
15132492,인천광역시 연수구,홍보미디어과,2023,3619,,백만원,인천광역시 연수구
15132492,인천광역시 연수구,민원여권과,2023,968,,백만원,인천광역시 연수구
15132492,인천광역시 연수구,보건행정과,2023,1418,,백만원,인천광역시 연수구
15132492,인천광역시 연수구,건강증진과,2023,9767,,백만원,인천광역시 연수구
15132492,인천광역시 연수구,질병관리과,2023,10321,,백만원,인천광역시 연수구
15132492,인천광역시 연수구,송도건강생활지원센터,2023,667,,백만원,인천광역시 연수구
15132492,인천광역시 연수구,연수청학도서관,2023,5291,,백만원,인천광역시 연수구
15132492,인천광역시 연수구,의회사무국,2023,1873,,백만원,인천광역시 연수구
15132492,인천광역시 연수구,옥련1동,2023,299,,백만원,인천광역시 연수구
15132492,인천광역시 연수구,옥련2동,2023,332,,백만원,인천광역시 연수구
15132492,인천광역시 연수구,선학동,2023,324,,백만원,인천광역시 연수구
15132492,인천광역시 연수구,연수1동,2023,467,,백만원,인천광역시 연수구
15132492,인천광역시 연수구,연수2동,2023,335,,백만원,인천광역시 연수구
15132492,인천광역시 연수구,연수3동,2023,308,,백만원,인천광역시 연수구
15132492,인천광역시 연수구,청학동,2023,403,,백만원,인천광역시 연수구
15132492,인천광역시 연수구,동춘1동,2023,334,,백만원,인천광역시 연수구
15132492,인천광역시 연수구,동춘2동,2023,279,,백만원,인천광역시 연수구
15132492,인천광역시 연수구,동춘3동,2023,252,,백만원,인천광역시 연수구
15132492,인천광역시 연수구,송도1동,2023,400,,백만원,인천광역시 연수구
15132492,인천광역시 연수구,송도2동,2023,363,,백만원,인천광역시 연수구
15132492,인천광역시 연수구,송도3동,2023,461,,백만원,인천광역시 연수구
15132492,인천광역시 연수구,송도4동,2023,379,,백만원,인천광역시 연수구
15132492,인천광역시 연수구,송도5동,2023,381,,백만원,인천광역시 연수구
15132492,인천광역시 연수구,기획예산실,2022,24707,,백만원,인천광역시 연수구
15132492,인천광역시 연수구,송도관리단,2022,11095,,백만원,인천광역시 연수구
15132492,인천광역시 연수구,감사실,2022,107,,백만원,인천광역시 연수구
15132492,인천광역시 연수구,홍보미디어실,2022,2769,,백만원,인천광역시 연수구
15132492,인천광역시 연수구,총무과,2022,72223,,백만원,인천광역시 연수구
15132492,인천광역시 연수구,재무회계과,2022,12449,,백만원,인천광역시 연수구
15132492,인천광역시 연수구,세무1과,2022,804,,백만원,인천광역시 연수구
15132492,인천광역시 연수구,세무2과,2022,642,,백만원,인천광역시 연수구
15132492,인천광역시 연수구,안전관리과,2022,5420,,백만원,인천광역시 연수구
15132492,인천광역시 연수구,민원여권과,2022,870,,백만원,인천광역시 연수구
15132492,인천광역시 연수구,평생교육과,2022,15202,,백만원,인천광역시 연수구
15132492,인천광역시 연수구,문화체육과,2022,22776,,백만원,인천광역시 연수구
15132492,인천광역시 연수구,마을자치과,2022,3951,,백만원,인천광역시 연수구
15132492,인천광역시 연수구,도서관정책과,2022,6976,,백만원,인천광역시 연수구
15132492,인천광역시 연수구,복지정책과,2022,18124,,백만원,인천광역시 연수구
15132492,인천광역시 연수구,사회보장과,2022,44095,,백만원,인천광역시 연수구
15132492,인천광역시 연수구,노인장애인과,2022,137923,,백만원,인천광역시 연수구
15132492,인천광역시 연수구,여성아동과,2022,51062,,백만원,인천광역시 연수구
15132492,인천광역시 연수구,출산보육과,2022,116526,,백만원,인천광역시 연수구
15132492,인천광역시 연수구,경제지원과,2022,6496,,백만원,인천광역시 연수구
15132492,인천광역시 연수구,일자리정책과,2022,3642,,백만원,인천광역시 연수구
15132492,인천광역시 연수구,자원순환과,2022,39678,,백만원,인천광역시 연수구
15132492,인천광역시 연수구,환경보전과,2022,1864,,백만원,인천광역시 연수구
15132492,인천광역시 연수구,공원녹지과,2022,17521,,백만원,인천광역시 연수구
15132492,인천광역시 연수구,위생정책과,2022,1299,,백만원,인천광역시 연수구
15132492,인천광역시 연수구,건설과,2022,9618,,백만원,인천광역시 연수구
15132492,인천광역시 연수구,건축과,2022,17314,,백만원,인천광역시 연수구
15132492,인천광역시 연수구,도시주택과,2022,4932,,백만원,인천광역시 연수구
15132492,인천광역시 연수구,도시계획과,2022,1918,,백만원,인천광역시 연수구
15132492,인천광역시 연수구,교통행정과,2022,11185,,백만원,인천광역시 연수구
15132492,인천광역시 연수구,차량민원과,2022,2472,,백만원,인천광역시 연수구
15132492,인천광역시 연수구,공간정보과,2022,2502,,백만원,인천광역시 연수구
15132492,인천광역시 연수구,보건행정과,2022,1388,,백만원,인천광역시 연수구
15132492,인천광역시 연수구,건강증진과,2022,9066,,백만원,인천광역시 연수구
15132492,인천광역시 연수구,질병관리과,2022,15076,,백만원,인천광역시 연수구
15132492,인천광역시 연수구,송도건강생활지원센터,2022,546,,백만원,인천광역시 연수구
15132492,인천광역시 연수구,의회사무국,2022,2164,,백만원,인천광역시 연수구
15132492,인천광역시 연수구,옥련1동,2022,368,,백만원,인천광역시 연수구
15132492,인천광역시 연수구,옥련2동,2022,361,,백만원,인천광역시 연수구
15132492,인천광역시 연수구,선학동,2022,362,,백만원,인천광역시 연수구
15132492,인천광역시 연수구,연수1동,2022,467,,백만원,인천광역시 연수구
15132492,인천광역시 연수구,연수2동,2022,430,,백만원,인천광역시 연수구
15132492,인천광역시 연수구,연수3동,2022,375,,백만원,인천광역시 연수구
15132492,인천광역시 연수구,청학동,2022,424,,백만원,인천광역시 연수구
15132492,인천광역시 연수구,동춘1동,2022,345,,백만원,인천광역시 연수구
15132492,인천광역시 연수구,동춘2동,2022,311,,백만원,인천광역시 연수구
15132492,인천광역시 연수구,동춘3동,2022,286,,백만원,인천광역시 연수구
15132492,인천광역시 연수구,송도1동,2022,430,,백만원,인천광역시 연수구
15132492,인천광역시 연수구,송도2동,2022,401,,백만원,인천광역시 연수구
15132492,인천광역시 연수구,송도3동,2022,486,,백만원,인천광역시 연수구
15132492,인천광역시 연수구,송도4동,2022,826,,백만원,인천광역시 연수구
15132492,인천광역시 연수구,송도5동,2022,365,,백만원,인천광역시 연수구
15135701,충청북도,세출 합계,2022,6160790000000,28309900000000,KRW,충청북도
15135701,청주시,세출 합계,2022,3009320000000,13239000000000,KRW,충청북도
15135701,충주시,세출 합계,2022,1243710000000,5564280000000,KRW,충청북도
15135701,제천시,세출 합계,2022,1006660000000,4752740000000,KRW,충청북도
15135701,보은군,세출 합계,2022,421903000000,2252800000000,KRW,충청북도
15135701,옥천군,세출 합계,2022,558852000000,1785950000000,KRW,충청북도
15135701,영동군,세출 합계,2022,631645000000,1912100000000,KRW,충청북도
15135701,증평군,세출 합계,2022,260975000000,920942000000,KRW,충청북도
15135701,진천군,세출 합계,2022,618671000000,1945100000000,KRW,충청북도
15135701,괴산군,세출 합계,2022,545666000000,2056380000000,KRW,충청북도
15135701,음성군,세출 합계,2022,763201000000,2542260000000,KRW,충청북도
15135701,단양군,세출 합계,2022,403757000000,1525010000000,KRW,충청북도
15136057,충북본청,일반회계 세출예산액,2022,5511956745,,KRW,충청북도
15136057,충북충주시,일반회계 세출예산액,2022,1051259991,,KRW,충청북도
15136057,충북제천시,일반회계 세출예산액,2022,890749753,,KRW,충청북도
15136057,충북청주시,일반회계 세출예산액,2022,2581797855,,KRW,충청북도
15136057,충북보은군,일반회계 세출예산액,2022,379610511,,KRW,충청북도
15136057,충북옥천군,일반회계 세출예산액,2022,501645164,,KRW,충청북도
15136057,충북영동군,일반회계 세출예산액,2022,567372198,,KRW,충청북도
15136057,충북진천군,일반회계 세출예산액,2022,534599983,,KRW,충청북도
15136057,충북괴산군,일반회계 세출예산액,2022,510286787,,KRW,충청북도
15136057,충북음성군,일반회계 세출예산액,2022,671092200,,KRW,충청북도
15136057,충북단양군,일반회계 세출예산액,2022,373043961,,KRW,충청북도
15136057,충북증평군,일반회계 세출예산액,2022,243024278,,KRW,충청북도
15136057,충북본청,일반회계 세출예산액,2023,5959657871,,KRW,충청북도
15136057,충북충주시,일반회계 세출예산액,2023,1092026936,,KRW,충청북도
15136057,충북제천시,일반회계 세출예산액,2023,929597525,,KRW,충청북도
15136057,충북청주시,일반회계 세출예산액,2023,2853386376,,KRW,충청북도
15136057,충북보은군,일반회계 세출예산액,2023,402258931,,KRW,충청북도
15136057,충북옥천군,일반회계 세출예산액,2023,542052539,,KRW,충청북도
15136057,충북영동군,일반회계 세출예산액,2023,591498219,,KRW,충청북도
15136057,충북진천군,일반회계 세출예산액,2023,567798352,,KRW,충청북도
15136057,충북괴산군,일반회계 세출예산액,2023,511623227,,KRW,충청북도
15136057,충북음성군,일반회계 세출예산액,2023,691354109,,KRW,충청북도
15136057,충북단양군,일반회계 세출예산액,2023,397587457,,KRW,충청북도
15136057,충북증평군,일반회계 세출예산액,2023,258453940,,KRW,충청북도
15136057,충북본청,일반회계 세출예산액,2024,6429833922,,KRW,충청북도
15136057,충북본청,일반회계 세출예산액,2024,6429833922,,KRW,충청북도
15136057,충북본청,일반회계 세출예산액,2024,6429833922,,KRW,충청북도
15136057,충북충주시,일반회계 세출예산액,2024,1186011105,,KRW,충청북도
15136057,충북충주시,일반회계 세출예산액,2024,1186011105,,KRW,충청북도
15136057,충북충주시,일반회계 세출예산액,2024,1186011105,,KRW,충청북도
15136057,충북제천시,일반회계 세출예산액,2024,932739676,,KRW,충청북도
15136057,충북제천시,일반회계 세출예산액,2024,932739676,,KRW,충청북도
15136057,충북제천시,일반회계 세출예산액,2024,932739676,,KRW,충청북도
15136057,충북청주시,일반회계 세출예산액,2024,2834682135,,KRW,충청북도
15136057,충북청주시,일반회계 세출예산액,2024,2834682135,,KRW,충청북도
15136057,충북청주시,일반회계 세출예산액,2024,2834682135,,KRW,충청북도
15136057,충북보은군,일반회계 세출예산액,2024,430119683,,KRW,충청북도
15136057,충북보은군,일반회계 세출예산액,2024,430119683,,KRW,충청북도
15136057,충북보은군,일반회계 세출예산액,2024,430119683,,KRW,충청북도
15136057,충북옥천군,일반회계 세출예산액,2024,510932574,,KRW,충청북도
15136057,충북옥천군,일반회계 세출예산액,2024,510932574,,KRW,충청북도
15136057,충북영동군,일반회계 세출예산액,2024,528385098,,KRW,충청북도
15136057,충북영동군,일반회계 세출예산액,2024,528385098,,KRW,충청북도
15136057,충북진천군,일반회계 세출예산액,2024,575653703,,KRW,충청북도
15136057,충북진천군,일반회계 세출예산액,2024,575653703,,KRW,충청북도
15136057,충북괴산군,일반회계 세출예산액,2024,529213932,,KRW,충청북도
15136057,충북괴산군,일반회계 세출예산액,2024,529213932,,KRW,충청북도
15136057,충북음성군,일반회계 세출예산액,2024,700432604,,KRW,충청북도
15136057,충북음성군,일반회계 세출예산액,2024,700432604,,KRW,충청북도
15136057,충북단양군,일반회계 세출예산액,2024,395280708,,KRW,충청북도
15136057,충북단양군,일반회계 세출예산액,2024,395280708,,KRW,충청북도
15136057,충북증평군,일반회계 세출예산액,2024,259097316,,KRW,충청북도
15136057,충북증평군,일반회계 세출예산액,2024,259097316,,KRW,충청북도
15138147,경기도 용인시,일반공공행정,2025,400000000000,,KRW,경기도 용인시
15138147,경기도 용인시,공공질서및안전,2025,320000000000,,KRW,경기도 용인시
15138147,경기도 용인시,교육,2025,96136200220,,KRW,경기도 용인시
15138147,경기도 용인시,문화및관광,2025,182000000000,,KRW,경기도 용인시
15138147,경기도 용인시,환경,2025,309000000000,,KRW,경기도 용인시
15138147,경기도 용인시,사회복지,2025,1280000000000,,KRW,경기도 용인시
15138147,경기도 용인시,보건,2025,68453593090,,KRW,경기도 용인시
15138147,경기도 용인시,농림해양수산,2025,120000000000,,KRW,경기도 용인시
15138147,경기도 용인시,산업 중소기업및에너지,2025,65913381220,,KRW,경기도 용인시
15138147,경기도 용인시,교통및물류,2025,724000000000,,KRW,경기도 용인시
15138147,경기도 용인시,국토및지역개발,2025,207000000000,,KRW,경기도 용인시
15138147,경기도 용인시,과학기술,2025,0,,KRW,경기도 용인시
15138147,경기도 용인시,예비비,2025,9662766000,,KRW,경기도 용인시
15138147,경기도 용인시,기타,2025,329000000000,,KRW,경기도 용인시
15124927,제주특별자치도 서귀포시,일반공공행정,2012,,33272,백만원,제주특별자치도 서귀포시
15124927,제주특별자치도 서귀포시,공공질서 및 안전,2012,,35049,백만원,제주특별자치도 서귀포시
15124927,제주특별자치도 서귀포시,교육,2012,,497,백만원,제주특별자치도 서귀포시
15124927,제주특별자치도 서귀포시,문화 및 관광,2012,,26896,백만원,제주특별자치도 서귀포시
15124927,제주특별자치도 서귀포시,환경보호,2012,,23369,백만원,제주특별자치도 서귀포시
15124927,제주특별자치도 서귀포시,사회복지,2012,,75921,백만원,제주특별자치도 서귀포시
15124927,제주특별자치도 서귀포시,보건,2012,,9993,백만원,제주특별자치도 서귀포시
15124927,제주특별자치도 서귀포시,농림해양수산,2012,,130501,백만원,제주특별자치도 서귀포시
15124927,제주특별자치도 서귀포시,산업 및 중소기업,2012,,6629,백만원,제주특별자치도 서귀포시
15124927,제주특별자치도 서귀포시,수송 및 교통,2012,,30808,백만원,제주특별자치도 서귀포시
15124927,제주특별자치도 서귀포시,국토 및 지역개발,2012,,34364,백만원,제주특별자치도 서귀포시
15124927,제주특별자치도 서귀포시,과학기술,2012,,58,백만원,제주특별자치도 서귀포시
15124927,제주특별자치도 서귀포시,예비비,2012,,0,백만원,제주특별자치도 서귀포시
15124927,제주특별자치도 서귀포시,기타,2012,,69575,백만원,제주특별자치도 서귀포시
15124927,제주특별자치도 서귀포시,일반공공행정,2013,,42709,백만원,제주특별자치도 서귀포시
15124927,제주특별자치도 서귀포시,공공질서 및 안전,2013,,38602,백만원,제주특별자치도 서귀포시
15124927,제주특별자치도 서귀포시,교육,2013,,313,백만원,제주특별자치도 서귀포시
15124927,제주특별자치도 서귀포시,문화 및 관광,2013,,36791,백만원,제주특별자치도 서귀포시
15124927,제주특별자치도 서귀포시,환경보호,2013,,18806,백만원,제주특별자치도 서귀포시
15124927,제주특별자치도 서귀포시,사회복지,2013,,87420,백만원,제주특별자치도 서귀포시
15124927,제주특별자치도 서귀포시,보건,2013,,6950,백만원,제주특별자치도 서귀포시
15124927,제주특별자치도 서귀포시,농림해양수산,2013,,142677,백만원,제주특별자치도 서귀포시
15124927,제주특별자치도 서귀포시,산업 및 중소기업,2013,,5196,백만원,제주특별자치도 서귀포시
15124927,제주특별자치도 서귀포시,수송 및 교통,2013,,29226,백만원,제주특별자치도 서귀포시
15124927,제주특별자치도 서귀포시,국토 및 지역개발,2013,,26606,백만원,제주특별자치도 서귀포시
15124927,제주특별자치도 서귀포시,과학기술,2013,,98,백만원,제주특별자치도 서귀포시
15124927,제주특별자치도 서귀포시,예비비,2013,,0,백만원,제주특별자치도 서귀포시
15124927,제주특별자치도 서귀포시,기타,2013,,72445,백만원,제주특별자치도 서귀포시
15124927,제주특별자치도 서귀포시,일반공공행정,2014,,46193,백만원,제주특별자치도 서귀포시
15124927,제주특별자치도 서귀포시,공공질서 및 안전,2014,,35230,백만원,제주특별자치도 서귀포시
15124927,제주특별자치도 서귀포시,교육,2014,,380,백만원,제주특별자치도 서귀포시
15124927,제주특별자치도 서귀포시,문화 및 관광,2014,,39928,백만원,제주특별자치도 서귀포시
15124927,제주특별자치도 서귀포시,환경보호,2014,,24550,백만원,제주특별자치도 서귀포시
15124927,제주특별자치도 서귀포시,사회복지,2014,,97494,백만원,제주특별자치도 서귀포시
15124927,제주특별자치도 서귀포시,보건,2014,,9207,백만원,제주특별자치도 서귀포시
15124927,제주특별자치도 서귀포시,농림해양수산,2014,,144528,백만원,제주특별자치도 서귀포시
15124927,제주특별자치도 서귀포시,산업 및 중소기업,2014,,5173,백만원,제주특별자치도 서귀포시
15124927,제주특별자치도 서귀포시,수송 및 교통,2014,,23003,백만원,제주특별자치도 서귀포시
15124927,제주특별자치도 서귀포시,국토 및 지역개발,2014,,27146,백만원,제주특별자치도 서귀포시
15124927,제주특별자치도 서귀포시,과학기술,2014,,142,백만원,제주특별자치도 서귀포시
15124927,제주특별자치도 서귀포시,예비비,2014,,0,백만원,제주특별자치도 서귀포시
15124927,제주특별자치도 서귀포시,기타,2014,,83779,백만원,제주특별자치도 서귀포시
15124927,제주특별자치도 서귀포시,일반공공행정,2015,,53108,백만원,제주특별자치도 서귀포시
15124927,제주특별자치도 서귀포시,공공질서 및 안전,2015,,23295,백만원,제주특별자치도 서귀포시
15124927,제주특별자치도 서귀포시,교육,2015,,478,백만원,제주특별자치도 서귀포시
15124927,제주특별자치도 서귀포시,문화 및 관광,2015,,34368,백만원,제주특별자치도 서귀포시
15124927,제주특별자치도 서귀포시,환경보호,2015,,30377,백만원,제주특별자치도 서귀포시
15124927,제주특별자치도 서귀포시,사회복지,2015,,171528,백만원,제주특별자치도 서귀포시
15124927,제주특별자치도 서귀포시,보건,2015,,8184,백만원,제주특별자치도 서귀포시
15124927,제주특별자치도 서귀포시,농림해양수산,2015,,130596,백만원,제주특별자치도 서귀포시
15124927,제주특별자치도 서귀포시,산업 및 중소기업,2015,,5405,백만원,제주특별자치도 서귀포시
15124927,제주특별자치도 서귀포시,수송 및 교통,2015,,30405,백만원,제주특별자치도 서귀포시
15124927,제주특별자치도 서귀포시,국토 및 지역개발,2015,,28762,백만원,제주특별자치도 서귀포시
15124927,제주특별자치도 서귀포시,과학기술,2015,,95,백만원,제주특별자치도 서귀포시
15124927,제주특별자치도 서귀포시,예비비,2015,,0,백만원,제주특별자치도 서귀포시
15124927,제주특별자치도 서귀포시,기타,2015,,88544,백만원,제주특별자치도 서귀포시
15124927,제주특별자치도 서귀포시,일반공공행정,2016,,73484,백만원,제주특별자치도 서귀포시
15124927,제주특별자치도 서귀포시,공공질서 및 안전,2016,,27559,백만원,제주특별자치도 서귀포시
15124927,제주특별자치도 서귀포시,교육,2016,,376,백만원,제주특별자치도 서귀포시
15124927,제주특별자치도 서귀포시,문화 및 관광,2016,,39513,백만원,제주특별자치도 서귀포시
15124927,제주특별자치도 서귀포시,환경보호,2016,,27039,백만원,제주특별자치도 서귀포시
15124927,제주특별자치도 서귀포시,사회복지,2016,,180539,백만원,제주특별자치도 서귀포시
15124927,제주특별자치도 서귀포시,보건,2016,,8887,백만원,제주특별자치도 서귀포시
15124927,제주특별자치도 서귀포시,농림해양수산,2016,,138449,백만원,제주특별자치도 서귀포시
15124927,제주특별자치도 서귀포시,산업 및 중소기업,2016,,6229,백만원,제주특별자치도 서귀포시
15124927,제주특별자치도 서귀포시,수송 및 교통,2016,,35126,백만원,제주특별자치도 서귀포시
15124927,제주특별자치도 서귀포시,국토 및 지역개발,2016,,38319,백만원,제주특별자치도 서귀포시
15124927,제주특별자치도 서귀포시,과학기술,2016,,352,백만원,제주특별자치도 서귀포시
15124927,제주특별자치도 서귀포시,예비비,2016,,0,백만원,제주특별자치도 서귀포시
15124927,제주특별자치도 서귀포시,기타,2016,,91179,백만원,제주특별자치도 서귀포시
15124927,제주특별자치도 서귀포시,일반공공행정,2017,,95463,백만원,제주특별자치도 서귀포시
15124927,제주특별자치도 서귀포시,공공질서 및 안전,2017,,28316,백만원,제주특별자치도 서귀포시
15124927,제주특별자치도 서귀포시,교육,2017,,714,백만원,제주특별자치도 서귀포시
15124927,제주특별자치도 서귀포시,문화 및 관광,2017,,37821,백만원,제주특별자치도 서귀포시
15124927,제주특별자치도 서귀포시,환경보호,2017,,35405,백만원,제주특별자치도 서귀포시
15124927,제주특별자치도 서귀포시,사회복지,2017,,194548,백만원,제주특별자치도 서귀포시
15124927,제주특별자치도 서귀포시,보건,2017,,11166,백만원,제주특별자치도 서귀포시
15124927,제주특별자치도 서귀포시,농림해양수산,2017,,152860,백만원,제주특별자치도 서귀포시
15124927,제주특별자치도 서귀포시,산업 및 중소기업,2017,,5229,백만원,제주특별자치도 서귀포시
15124927,제주특별자치도 서귀포시,수송 및 교통,2017,,49654,백만원,제주특별자치도 서귀포시
15124927,제주특별자치도 서귀포시,국토 및 지역개발,2017,,43495,백만원,제주특별자치도 서귀포시
15124927,제주특별자치도 서귀포시,과학기술,2017,,68,백만원,제주특별자치도 서귀포시
15124927,제주특별자치도 서귀포시,예비비,2017,,0,백만원,제주특별자치도 서귀포시
15124927,제주특별자치도 서귀포시,기타,2017,,97583,백만원,제주특별자치도 서귀포시
15065033,중앙정부(한국재정정보원/결산),사회복지,2018,136.0,,조원,한국재정정보원
15065033,중앙정부(한국재정정보원/결산),일반 지방행정,2018,68.4,,조원,한국재정정보원
15065033,중앙정부(한국재정정보원/결산),교육,2018,64.3,,조원,한국재정정보원
15065033,중앙정부(한국재정정보원/결산),국방,2018,41.2,,조원,한국재정정보원
15065033,중앙정부(한국재정정보원/결산),산업 중소기업 및 에너지,2018,18.8,,조원,한국재정정보원
15065033,중앙정부(한국재정정보원/결산),농림수산,2018,19.6,,조원,한국재정정보원
15065033,중앙정부(한국재정정보원/결산),공공질서 및 안전,2018,18.8,,조원,한국재정정보원
15065033,중앙정부(한국재정정보원/결산),교통 및 물류,2018,15.3,,조원,한국재정정보원
15065033,중앙정부(한국재정정보원/결산),보건,2018,10.7,,조원,한국재정정보원
15065033,중앙정부(한국재정정보원/결산),환경,2018,7.0,,조원,한국재정정보원
15065033,중앙정부(한국재정정보원/결산),과학기술,2018,7.0,,조원,한국재정정보원
15065033,중앙정부(한국재정정보원/결산),통신,2018,6.2,,조원,한국재정정보원
15065033,중앙정부(한국재정정보원/결산),문화 및 관광,2018,6.3,,조원,한국재정정보원
15065033,중앙정부(한국재정정보원/결산),통일 외교,2018,3.7,,조원,한국재정정보원
15065033,중앙정부(한국재정정보원/결산),예비비,2018,0.6,,조원,한국재정정보원
15065033,중앙정부(한국재정정보원/결산),국토 및 지역개발,2018,3.7,,조원,한국재정정보원
15065033,중앙정부(한국재정정보원/결산),세출 외,2018,6.6,,조원,한국재정정보원
15065033,중앙정부(한국재정정보원/결산),사회복지,2019,154.8,,조원,한국재정정보원
15065033,중앙정부(한국재정정보원/결산),일반 지방행정,2019,75.4,,조원,한국재정정보원
15065033,중앙정부(한국재정정보원/결산),교육,2019,70.5,,조원,한국재정정보원
15065033,중앙정부(한국재정정보원/결산),국방,2019,44.9,,조원,한국재정정보원
15065033,중앙정부(한국재정정보원/결산),산업 중소기업 및 에너지,2019,20.6,,조원,한국재정정보원
15065033,중앙정부(한국재정정보원/결산),농림수산,2019,20.4,,조원,한국재정정보원
15065033,중앙정부(한국재정정보원/결산),공공질서 및 안전,2019,20.2,,조원,한국재정정보원
15065033,중앙정부(한국재정정보원/결산),교통 및 물류,2019,16.3,,조원,한국재정정보원
15065033,중앙정부(한국재정정보원/결산),보건,2019,11.9,,조원,한국재정정보원
15065033,중앙정부(한국재정정보원/결산),환경,2019,8.5,,조원,한국재정정보원
15065033,중앙정부(한국재정정보원/결산),과학기술,2019,7.3,,조원,한국재정정보원
15065033,중앙정부(한국재정정보원/결산),통신,2019,7.0,,조원,한국재정정보원
15065033,중앙정부(한국재정정보원/결산),문화 및 관광,2019,7.2,,조원,한국재정정보원
15065033,중앙정부(한국재정정보원/결산),통일 외교,2019,3.9,,조원,한국재정정보원
15065033,중앙정부(한국재정정보원/결산),예비비,2019,0.6,,조원,한국재정정보원
15065033,중앙정부(한국재정정보원/결산),국토 및 지역개발,2019,4.4,,조원,한국재정정보원
15065033,중앙정부(한국재정정보원/결산),세출 외,2019,11.2,,조원,한국재정정보원
15065033,중앙정부(한국재정정보원/결산),사회복지,2020,181.0,,조원,한국재정정보원
15065033,중앙정부(한국재정정보원/결산),일반 지방행정,2020,93.1,,조원,한국재정정보원
15065033,중앙정부(한국재정정보원/결산),교육,2020,70.9,,조원,한국재정정보원
15065033,중앙정부(한국재정정보원/결산),국방,2020,46.3,,조원,한국재정정보원
15065033,중앙정부(한국재정정보원/결산),산업 중소기업 및 에너지,2020,37.2,,조원,한국재정정보원
15065033,중앙정부(한국재정정보원/결산),농림수산,2020,21.7,,조원,한국재정정보원
15065033,중앙정부(한국재정정보원/결산),공공질서 및 안전,2020,21.1,,조원,한국재정정보원
15065033,중앙정부(한국재정정보원/결산),교통 및 물류,2020,18.3,,조원,한국재정정보원
15065033,중앙정부(한국재정정보원/결산),보건,2020,17.4,,조원,한국재정정보원
15065033,중앙정부(한국재정정보원/결산),환경,2020,9.3,,조원,한국재정정보원
15065033,중앙정부(한국재정정보원/결산),과학기술,2020,8.1,,조원,한국재정정보원
15065033,중앙정부(한국재정정보원/결산),통신,2020,8.0,,조원,한국재정정보원
15065033,중앙정부(한국재정정보원/결산),문화 및 관광,2020,8.1,,조원,한국재정정보원
15065033,중앙정부(한국재정정보원/결산),통일 외교,2020,3.7,,조원,한국재정정보원
15065033,중앙정부(한국재정정보원/결산),예비비,2020,0.6,,조원,한국재정정보원
15065033,중앙정부(한국재정정보원/결산),국토 및 지역개발,2020,4.8,,조원,한국재정정보원
15065033,중앙정부(한국재정정보원/결산),세출 외,2020,0.4,,조원,한국재정정보원
15065033,중앙정부(한국재정정보원/결산),사회복지,2021,189.6,,조원,한국재정정보원
15065033,중앙정부(한국재정정보원/결산),일반 지방행정,2021,98.2,,조원,한국재정정보원
15065033,중앙정부(한국재정정보원/결산),교육,2021,77.4,,조원,한국재정정보원
15065033,중앙정부(한국재정정보원/결산),국방,2021,49.3,,조원,한국재정정보원
15065033,중앙정부(한국재정정보원/결산),산업 중소기업 및 에너지,2021,46.2,,조원,한국재정정보원
15065033,중앙정부(한국재정정보원/결산),농림수산,2021,22.9,,조원,한국재정정보원
15065033,중앙정부(한국재정정보원/결산),공공질서 및 안전,2021,21.7,,조원,한국재정정보원
15065033,중앙정부(한국재정정보원/결산),교통 및 물류,2021,21.1,,조원,한국재정정보원
15065033,중앙정부(한국재정정보원/결산),보건,2021,26.5,,조원,한국재정정보원
15065033,중앙정부(한국재정정보원/결산),환경,2021,10.2,,조원,한국재정정보원
15065033,중앙정부(한국재정정보원/결산),과학기술,2021,8.9,,조원,한국재정정보원
15065033,중앙정부(한국재정정보원/결산),통신,2021,8.2,,조원,한국재정정보원
15065033,중앙정부(한국재정정보원/결산),문화 및 관광,2021,8.5,,조원,한국재정정보원
15065033,중앙정부(한국재정정보원/결산),통일 외교,2021,4.2,,조원,한국재정정보원
15065033,중앙정부(한국재정정보원/결산),예비비,2021,0.6,,조원,한국재정정보원
15065033,중앙정부(한국재정정보원/결산),국토 및 지역개발,2021,5.1,,조원,한국재정정보원
15065033,중앙정부(한국재정정보원/결산),세출 외,2021,2.6,,조원,한국재정정보원
15065033,중앙정부(한국재정정보원/결산),사회복지,2022,195.1,,조원,한국재정정보원
15065033,중앙정부(한국재정정보원/결산),일반 지방행정,2022,108.1,,조원,한국재정정보원
15065033,중앙정부(한국재정정보원/결산),교육,2022,95.0,,조원,한국재정정보원
15065033,중앙정부(한국재정정보원/결산),국방,2022,50.4,,조원,한국재정정보원
15065033,중앙정부(한국재정정보원/결산),산업 중소기업 및 에너지,2022,73.7,,조원,한국재정정보원
15065033,중앙정부(한국재정정보원/결산),농림수산,2022,23.2,,조원,한국재정정보원
15065033,중앙정부(한국재정정보원/결산),공공질서 및 안전,2022,22.4,,조원,한국재정정보원
15065033,중앙정부(한국재정정보원/결산),교통 및 물류,2022,21.7,,조원,한국재정정보원
15065033,중앙정부(한국재정정보원/결산),보건,2022,32.8,,조원,한국재정정보원
15065033,중앙정부(한국재정정보원/결산),환경,2022,11.0,,조원,한국재정정보원
15065033,중앙정부(한국재정정보원/결산),과학기술,2022,9.5,,조원,한국재정정보원
15065033,중앙정부(한국재정정보원/결산),통신,2022,8.7,,조원,한국재정정보원
15065033,중앙정부(한국재정정보원/결산),문화 및 관광,2022,9.0,,조원,한국재정정보원
15065033,중앙정부(한국재정정보원/결산),통일 외교,2022,4.5,,조원,한국재정정보원
15065033,중앙정부(한국재정정보원/결산),예비비,2022,0.6,,조원,한국재정정보원
15065033,중앙정부(한국재정정보원/결산),국토 및 지역개발,2022,5.1,,조원,한국재정정보원
15065033,중앙정부(한국재정정보원/결산),세출 외,2022,11.6,,조원,한국재정정보원
15065033,중앙정부(한국재정정보원/결산),사회복지,2023,204.8,,조원,한국재정정보원
15065033,중앙정부(한국재정정보원/결산),일반 지방행정,2023,103.5,,조원,한국재정정보원
15065033,중앙정부(한국재정정보원/결산),교육,2023,85.6,,조원,한국재정정보원
15065033,중앙정부(한국재정정보원/결산),국방,2023,54.1,,조원,한국재정정보원
15065033,중앙정부(한국재정정보원/결산),산업 중소기업 및 에너지,2023,26.5,,조원,한국재정정보원
15065033,중앙정부(한국재정정보원/결산),농림수산,2023,24.0,,조원,한국재정정보원
15065033,중앙정부(한국재정정보원/결산),공공질서 및 안전,2023,22.7,,조원,한국재정정보원
15065033,중앙정부(한국재정정보원/결산),교통 및 물류,2023,19.5,,조원,한국재정정보원
15065033,중앙정부(한국재정정보원/결산),보건,2023,20.6,,조원,한국재정정보원
15065033,중앙정부(한국재정정보원/결산),환경,2023,11.3,,조원,한국재정정보원
15065033,중앙정부(한국재정정보원/결산),과학기술,2023,9.8,,조원,한국재정정보원
15065033,중앙정부(한국재정정보원/결산),통신,2023,9.3,,조원,한국재정정보원
15065033,중앙정부(한국재정정보원/결산),문화 및 관광,2023,8.4,,조원,한국재정정보원
15065033,중앙정부(한국재정정보원/결산),통일 외교,2023,5.0,,조원,한국재정정보원
15065033,중앙정부(한국재정정보원/결산),예비비,2023,0.6,,조원,한국재정정보원
15065033,중앙정부(한국재정정보원/결산),국토 및 지역개발,2023,4.0,,조원,한국재정정보원
15065033,중앙정부(한국재정정보원/결산),세출 외,2023,1.0,,조원,한국재정정보원
15065033,중앙정부(한국재정정보원/예산),사회복지,2024,224.1,,조원,한국재정정보원
15065033,중앙정부(한국재정정보원/예산),일반 지방행정,2024,110.5,,조원,한국재정정보원
15065033,중앙정부(한국재정정보원/예산),교육,2024,89.8,,조원,한국재정정보원
15065033,중앙정부(한국재정정보원/예산),국방,2024,57.4,,조원,한국재정정보원
15065033,중앙정부(한국재정정보원/예산),산업 중소기업 및 에너지,2024,28.0,,조원,한국재정정보원
15065033,중앙정부(한국재정정보원/예산),농림수산,2024,25.4,,조원,한국재정정보원
15065033,중앙정부(한국재정정보원/예산),공공질서 및 안전,2024,24.4,,조원,한국재정정보원
15065033,중앙정부(한국재정정보원/예산),교통 및 물류,2024,22.1,,조원,한국재정정보원
15065033,중앙정부(한국재정정보원/예산),보건,2024,18.8,,조원,한국재정정보원
15065033,중앙정부(한국재정정보원/예산),환경,2024,12.5,,조원,한국재정정보원
15065033,중앙정부(한국재정정보원/예산),과학기술,2024,9.3,,조원,한국재정정보원
15065033,중앙정부(한국재정정보원/예산),통신,2024,9.4,,조원,한국재정정보원
15065033,중앙정부(한국재정정보원/예산),문화 및 관광,2024,8.7,,조원,한국재정정보원
15065033,중앙정부(한국재정정보원/예산),통일 외교,2024,7.5,,조원,한국재정정보원
15065033,중앙정부(한국재정정보원/예산),예비비,2024,4.2,,조원,한국재정정보원
15065033,중앙정부(한국재정정보원/예산),국토 및 지역개발,2024,4.4,,조원,한국재정정보원
15065033,중앙정부(한국재정정보원/예산),세출 외,2024,0.0,,조원,한국재정정보원
15065033,중앙정부(한국재정정보원/예산),사회복지,2025,229.1,,조원,한국재정정보원
15065033,중앙정부(한국재정정보원/예산),일반 지방행정,2025,110.7,,조원,한국재정정보원
15065033,중앙정부(한국재정정보원/예산),교육,2025,98.5,,조원,한국재정정보원
15065033,중앙정부(한국재정정보원/예산),국방,2025,59.0,,조원,한국재정정보원
15065033,중앙정부(한국재정정보원/예산),산업 중소기업 및 에너지,2025,28.2,,조원,한국재정정보원
15065033,중앙정부(한국재정정보원/예산),농림수산,2025,25.9,,조원,한국재정정보원
15065033,중앙정부(한국재정정보원/예산),공공질서 및 안전,2025,25.0,,조원,한국재정정보원
15065033,중앙정부(한국재정정보원/예산),교통 및 물류,2025,21.0,,조원,한국재정정보원
15065033,중앙정부(한국재정정보원/예산),보건,2025,19.7,,조원,한국재정정보원
15065033,중앙정부(한국재정정보원/예산),환경,2025,13.0,,조원,한국재정정보원
15065033,중앙정부(한국재정정보원/예산),과학기술,2025,10.8,,조원,한국재정정보원
15065033,중앙정부(한국재정정보원/예산),통신,2025,9.2,,조원,한국재정정보원
15065033,중앙정부(한국재정정보원/예산),문화 및 관광,2025,8.8,,조원,한국재정정보원
15065033,중앙정부(한국재정정보원/예산),통일 외교,2025,7.7,,조원,한국재정정보원
15065033,중앙정부(한국재정정보원/예산),예비비,2025,2.4,,조원,한국재정정보원
15065033,중앙정부(한국재정정보원/예산),국토 및 지역개발,2025,4.5,,조원,한국재정정보원
15065033,중앙정부(한국재정정보원/예산),세출 외,2025,0.0,,조원,한국재정정보원
15117568,중앙정부(한국재정정보원/실적),일반공공행정,2016,22977,,억원,한국재정정보원
15117568,중앙정부(한국재정정보원/실적),공공질서 및 안전,2016,0,,억원,한국재정정보원
15117568,중앙정부(한국재정정보원/실적),외교 통일,2016,10,,억원,한국재정정보원
15117568,중앙정부(한국재정정보원/실적),국방,2016,6690,,억원,한국재정정보원
15117568,중앙정부(한국재정정보원/실적),교육,2016,13019,,억원,한국재정정보원
15117568,중앙정부(한국재정정보원/실적),문화 및 관광,2016,68,,억원,한국재정정보원
15117568,중앙정부(한국재정정보원/실적),환경,2016,7125,,억원,한국재정정보원
15117568,중앙정부(한국재정정보원/실적),사회복지,2016,94051,,억원,한국재정정보원
15117568,중앙정부(한국재정정보원/실적),보건,2016,41304,,억원,한국재정정보원
15117568,중앙정부(한국재정정보원/실적),농림수산,2016,54222,,억원,한국재정정보원
15117568,중앙정부(한국재정정보원/실적),산업 중소기업 및 에너지,2016,106668,,억원,한국재정정보원
15117568,중앙정부(한국재정정보원/실적),교통 및 물류,2016,5880,,억원,한국재정정보원
15117568,중앙정부(한국재정정보원/실적),통신,2016,0,,억원,한국재정정보원
15117568,중앙정부(한국재정정보원/실적),국토 및 지역개발,2016,6963,,억원,한국재정정보원
15117568,중앙정부(한국재정정보원/실적),과학기술,2016,41,,억원,한국재정정보원
15117568,중앙정부(한국재정정보원/실적),예비비,2016,0,,억원,한국재정정보원
15117568,중앙정부(한국재정정보원/실적),일반공공행정,2017,23308,,억원,한국재정정보원
15117568,중앙정부(한국재정정보원/실적),공공질서 및 안전,2017,0,,억원,한국재정정보원
15117568,중앙정부(한국재정정보원/실적),외교 통일,2017,9,,억원,한국재정정보원
15117568,중앙정부(한국재정정보원/실적),국방,2017,7661,,억원,한국재정정보원
15117568,중앙정부(한국재정정보원/실적),교육,2017,12994,,억원,한국재정정보원
15117568,중앙정부(한국재정정보원/실적),문화 및 관광,2017,120,,억원,한국재정정보원
15117568,중앙정부(한국재정정보원/실적),환경,2017,6615,,억원,한국재정정보원
15117568,중앙정부(한국재정정보원/실적),사회복지,2017,98554,,억원,한국재정정보원
15117568,중앙정부(한국재정정보원/실적),보건,2017,47220,,억원,한국재정정보원
15117568,중앙정부(한국재정정보원/실적),농림수산,2017,49465,,억원,한국재정정보원
15117568,중앙정부(한국재정정보원/실적),산업 중소기업 및 에너지,2017,111376,,억원,한국재정정보원
15117568,중앙정부(한국재정정보원/실적),교통 및 물류,2017,6183,,억원,한국재정정보원
15117568,중앙정부(한국재정정보원/실적),통신,2017,0,,억원,한국재정정보원
15117568,중앙정부(한국재정정보원/실적),국토 및 지역개발,2017,10897,,억원,한국재정정보원
15117568,중앙정부(한국재정정보원/실적),과학기술,2017,34,,억원,한국재정정보원
15117568,중앙정부(한국재정정보원/실적),예비비,2017,0,,억원,한국재정정보원
15117568,중앙정부(한국재정정보원/실적),일반공공행정,2018,23519,,억원,한국재정정보원
15117568,중앙정부(한국재정정보원/실적),공공질서 및 안전,2018,0,,억원,한국재정정보원
15117568,중앙정부(한국재정정보원/실적),외교 통일,2018,9,,억원,한국재정정보원
15117568,중앙정부(한국재정정보원/실적),국방,2018,6588,,억원,한국재정정보원
15117568,중앙정부(한국재정정보원/실적),교육,2018,13269,,억원,한국재정정보원
15117568,중앙정부(한국재정정보원/실적),문화 및 관광,2018,402,,억원,한국재정정보원
15117568,중앙정부(한국재정정보원/실적),환경,2018,7662,,억원,한국재정정보원
15117568,중앙정부(한국재정정보원/실적),사회복지,2018,104170,,억원,한국재정정보원
15117568,중앙정부(한국재정정보원/실적),보건,2018,51519,,억원,한국재정정보원
15117568,중앙정부(한국재정정보원/실적),농림수산,2018,51715,,억원,한국재정정보원
15117568,중앙정부(한국재정정보원/실적),산업 중소기업 및 에너지,2018,117264,,억원,한국재정정보원
15117568,중앙정부(한국재정정보원/실적),교통 및 물류,2018,5571,,억원,한국재정정보원
15117568,중앙정부(한국재정정보원/실적),통신,2018,0,,억원,한국재정정보원
15117568,중앙정부(한국재정정보원/실적),국토 및 지역개발,2018,15042,,억원,한국재정정보원
15117568,중앙정부(한국재정정보원/실적),과학기술,2018,40,,억원,한국재정정보원
15117568,중앙정부(한국재정정보원/실적),예비비,2018,0,,억원,한국재정정보원
15117568,중앙정부(한국재정정보원/실적),일반공공행정,2019,27430,,억원,한국재정정보원
15117568,중앙정부(한국재정정보원/실적),공공질서 및 안전,2019,0,,억원,한국재정정보원
15117568,중앙정부(한국재정정보원/실적),외교 통일,2019,9,,억원,한국재정정보원
15117568,중앙정부(한국재정정보원/실적),국방,2019,395,,억원,한국재정정보원
15117568,중앙정부(한국재정정보원/실적),교육,2019,13983,,억원,한국재정정보원
15117568,중앙정부(한국재정정보원/실적),문화 및 관광,2019,419,,억원,한국재정정보원
15117568,중앙정부(한국재정정보원/실적),환경,2019,11226,,억원,한국재정정보원
15117568,중앙정부(한국재정정보원/실적),사회복지,2019,119157,,억원,한국재정정보원
15117568,중앙정부(한국재정정보원/실적),보건,2019,61085,,억원,한국재정정보원
15117568,중앙정부(한국재정정보원/실적),농림수산,2019,56634,,억원,한국재정정보원
15117568,중앙정부(한국재정정보원/실적),산업 중소기업 및 에너지,2019,131122,,억원,한국재정정보원
15117568,중앙정부(한국재정정보원/실적),교통 및 물류,2019,5023,,억원,한국재정정보원
15117568,중앙정부(한국재정정보원/실적),통신,2019,0,,억원,한국재정정보원
15117568,중앙정부(한국재정정보원/실적),국토 및 지역개발,2019,12996,,억원,한국재정정보원
15117568,중앙정부(한국재정정보원/실적),과학기술,2019,53,,억원,한국재정정보원
15117568,중앙정부(한국재정정보원/실적),예비비,2019,0,,억원,한국재정정보원
15117568,중앙정부(한국재정정보원/실적),일반공공행정,2020,28640,,억원,한국재정정보원
15117568,중앙정부(한국재정정보원/실적),공공질서 및 안전,2020,0,,억원,한국재정정보원
15117568,중앙정부(한국재정정보원/실적),외교 통일,2020,12,,억원,한국재정정보원
15117568,중앙정부(한국재정정보원/실적),국방,2020,320,,억원,한국재정정보원
15117568,중앙정부(한국재정정보원/실적),교육,2020,13946,,억원,한국재정정보원
15117568,중앙정부(한국재정정보원/실적),문화 및 관광,2020,383,,억원,한국재정정보원
15117568,중앙정부(한국재정정보원/실적),환경,2020,12549,,억원,한국재정정보원
15117568,중앙정부(한국재정정보원/실적),사회복지,2020,173892,,억원,한국재정정보원
15117568,중앙정부(한국재정정보원/실적),보건,2020,67752,,억원,한국재정정보원
15117568,중앙정부(한국재정정보원/실적),농림수산,2020,57156,,억원,한국재정정보원
15117568,중앙정부(한국재정정보원/실적),산업 중소기업 및 에너지,2020,124026,,억원,한국재정정보원
15117568,중앙정부(한국재정정보원/실적),교통 및 물류,2020,5223,,억원,한국재정정보원
15117568,중앙정부(한국재정정보원/실적),통신,2020,0,,억원,한국재정정보원
15117568,중앙정부(한국재정정보원/실적),국토 및 지역개발,2020,11770,,억원,한국재정정보원
15117568,중앙정부(한국재정정보원/실적),과학기술,2020,31,,억원,한국재정정보원
15117568,중앙정부(한국재정정보원/실적),예비비,2020,0,,억원,한국재정정보원
15117568,중앙정부(한국재정정보원/실적),일반공공행정,2021,31923,,억원,한국재정정보원
15117568,중앙정부(한국재정정보원/실적),공공질서 및 안전,2021,0,,억원,한국재정정보원
15117568,중앙정부(한국재정정보원/실적),외교 통일,2021,10,,억원,한국재정정보원
15117568,중앙정부(한국재정정보원/실적),국방,2021,283,,억원,한국재정정보원
15117568,중앙정부(한국재정정보원/실적),교육,2021,13716,,억원,한국재정정보원
15117568,중앙정부(한국재정정보원/실적),문화 및 관광,2021,393,,억원,한국재정정보원
15117568,중앙정부(한국재정정보원/실적),환경,2021,12515,,억원,한국재정정보원
15117568,중앙정부(한국재정정보원/실적),사회복지,2021,187173,,억원,한국재정정보원
15117568,중앙정부(한국재정정보원/실적),보건,2021,74942,,억원,한국재정정보원
15117568,중앙정부(한국재정정보원/실적),농림수산,2021,59352,,억원,한국재정정보원
15117568,중앙정부(한국재정정보원/실적),산업 중소기업 및 에너지,2021,132572,,억원,한국재정정보원
15117568,중앙정부(한국재정정보원/실적),교통 및 물류,2021,5160,,억원,한국재정정보원
15117568,중앙정부(한국재정정보원/실적),통신,2021,0,,억원,한국재정정보원
15117568,중앙정부(한국재정정보원/실적),국토 및 지역개발,2021,11212,,억원,한국재정정보원
15117568,중앙정부(한국재정정보원/실적),과학기술,2021,106,,억원,한국재정정보원
15117568,중앙정부(한국재정정보원/실적),예비비,2021,0,,억원,한국재정정보원
15117568,중앙정부(한국재정정보원/전망),일반공공행정,2022,45767,,억원,한국재정정보원
15117568,중앙정부(한국재정정보원/전망),공공질서 및 안전,2022,0,,억원,한국재정정보원
15117568,중앙정부(한국재정정보원/전망),외교 통일,2022,10,,억원,한국재정정보원
15117568,중앙정부(한국재정정보원/전망),국방,2022,262,,억원,한국재정정보원
15117568,중앙정부(한국재정정보원/전망),교육,2022,10167,,억원,한국재정정보원
15117568,중앙정부(한국재정정보원/전망),문화 및 관광,2022,273,,억원,한국재정정보원
15117568,중앙정부(한국재정정보원/전망),환경,2022,14601,,억원,한국재정정보원
15117568,중앙정부(한국재정정보원/전망),사회복지,2022,200128,,억원,한국재정정보원
15117568,중앙정부(한국재정정보원/전망),보건,2022,78926,,억원,한국재정정보원
15117568,중앙정부(한국재정정보원/전망),농림수산,2022,63938,,억원,한국재정정보원
15117568,중앙정부(한국재정정보원/전망),산업 중소기업 및 에너지,2022,139962,,억원,한국재정정보원
15117568,중앙정부(한국재정정보원/전망),교통 및 물류,2022,4925,,억원,한국재정정보원
15117568,중앙정부(한국재정정보원/전망),통신,2022,0,,억원,한국재정정보원
15117568,중앙정부(한국재정정보원/전망),국토 및 지역개발,2022,11239,,억원,한국재정정보원
15117568,중앙정부(한국재정정보원/전망),과학기술,2022,52,,억원,한국재정정보원
15117568,중앙정부(한국재정정보원/전망),예비비,2022,0,,억원,한국재정정보원
15117568,중앙정부(한국재정정보원/전망),일반공공행정,2023,53876,,억원,한국재정정보원
15117568,중앙정부(한국재정정보원/전망),공공질서 및 안전,2023,0,,억원,한국재정정보원
15117568,중앙정부(한국재정정보원/전망),외교 통일,2023,9,,억원,한국재정정보원
15117568,중앙정부(한국재정정보원/전망),국방,2023,249,,억원,한국재정정보원
15117568,중앙정부(한국재정정보원/전망),교육,2023,10357,,억원,한국재정정보원
15117568,중앙정부(한국재정정보원/전망),문화 및 관광,2023,348,,억원,한국재정정보원
15117568,중앙정부(한국재정정보원/전망),환경,2023,17617,,억원,한국재정정보원
15117568,중앙정부(한국재정정보원/전망),사회복지,2023,209650,,억원,한국재정정보원
15117568,중앙정부(한국재정정보원/전망),보건,2023,89476,,억원,한국재정정보원
15117568,중앙정부(한국재정정보원/전망),농림수산,2023,68957,,억원,한국재정정보원
15117568,중앙정부(한국재정정보원/전망),산업 중소기업 및 에너지,2023,166531,,억원,한국재정정보원
15117568,중앙정부(한국재정정보원/전망),교통 및 물류,2023,5676,,억원,한국재정정보원
15117568,중앙정부(한국재정정보원/전망),통신,2023,0,,억원,한국재정정보원
15117568,중앙정부(한국재정정보원/전망),국토 및 지역개발,2023,12914,,억원,한국재정정보원
15117568,중앙정부(한국재정정보원/전망),과학기술,2023,116,,억원,한국재정정보원
15117568,중앙정부(한국재정정보원/전망),예비비,2023,0,,억원,한국재정정보원
15062963,경상북도 영주시 기획예산실,일반공공행정,2020,175018096,110003935,천원,경상북도 영주시
15062963,경상북도 영주시 기획예산실,기타,2020,169572,90620,천원,경상북도 영주시
15062963,경상북도 영주시 기획예산실,예비비,2020,16212178,,천원,경상북도 영주시
15062963,경상북도 영주시 감사실,일반공공행정,2020,334194,159491,천원,경상북도 영주시
15062963,경상북도 영주시 감사실,기타,2020,143196,52011,천원,경상북도 영주시
15062963,경상북도 영주시 첨단베어링산업지원단,산업ㆍ중소기업및에너지,2020,4180000,1803431,천원,경상북도 영주시
15062963,경상북도 영주시 첨단베어링산업지원단,국토및지역개발,2020,309000,9790,천원,경상북도 영주시
15062963,경상북도 영주시 첨단베어링산업지원단,기타,2020,179220,85400,천원,경상북도 영주시
15062963,경상북도 영주시 유통지원과,농림해양수산,2020,93404617,34774146,천원,경상북도 영주시
15062963,경상북도 영주시 유통지원과,일반공공행정,2020,1357600,240424,천원,경상북도 영주시
15062963,경상북도 영주시 유통지원과,기타,2020,1319340,482019,천원,경상북도 영주시
15062963,경상북도 영주시 유통지원과,교육,2020,16188403,8269037,천원,경상북도 영주시
15062963,경상북도 영주시 일자리경제과,산업ㆍ중소기업및에너지,2020,340580607,60257878,천원,경상북도 영주시
15062963,경상북도 영주시 일자리경제과,기타,2020,484120,176936,천원,경상북도 영주시
15062963,경상북도 영주시 일자리경제과,사회복지,2020,114247877,29104630,천원,경상북도 영주시
15062963,경상북도 영주시 복지정책과,사회복지,2020,409224369,224778198,천원,경상북도 영주시
15062963,경상북도 영주시 복지정책과,기타,2020,2815692,922934,천원,경상북도 영주시
15062963,경상북도 영주시 투자전략과,국토및지역개발,2020,20043210,448976,천원,경상북도 영주시
15062963,경상북도 영주시 투자전략과,산업ㆍ중소기업및에너지,2020,34766302,21942775,천원,경상북도 영주시
15062963,경상북도 영주시 투자전략과,기타,2020,1258184,333430,천원,경상북도 영주시
15062963,경상북도 영주시 투자전략과,일반공공행정,2020,1169520,333533,천원,경상북도 영주시
15062963,경상북도 영주시 총무과,일반공공행정,2020,65511164,22968301,천원,경상북도 영주시
15062963,경상북도 영주시 총무과,기타,2020,681766841,272487199,천원,경상북도 영주시
15062963,경상북도 영주시 엑스포기획단,농림해양수산,2020,18016076,2095004,천원,경상북도 영주시
15062963,경상북도 영주시 엑스포기획단,기타,2020,495975,119177,천원,경상북도 영주시
15062963,경상북도 영주시 홍보전산실,일반공공행정,2020,72265518,23439972,천원,경상북도 영주시
15062963,경상북도 영주시 홍보전산실,기타,2020,1379766,545400,천원,경상북도 영주시
15062963,경상북도 영주시 엑스포운영단,농림해양수산,2020,14482969,2955929,천원,경상북도 영주시
15062963,경상북도 영주시 엑스포운영단,기타,2020,240288,71718,천원,경상북도 영주시
15062963,경상북도 영주시 세무과,일반공공행정,2020,9434603,5653116,천원,경상북도 영주시
15062963,경상북도 영주시 세무과,기타,2020,1697340,709742,천원,경상북도 영주시
15062963,경상북도 영주시 회계과,일반공공행정,2020,83560168,24331415,천원,경상북도 영주시
15062963,경상북도 영주시 회계과,기타,2020,2033532,492941,천원,경상북도 영주시
15062963,경상북도 영주시 새마을봉사과,일반공공행정,2020,43374400,11202055,천원,경상북도 영주시
15062963,경상북도 영주시 새마을봉사과,환경,2020,566420,51635,천원,경상북도 영주시
15062963,경상북도 영주시 새마을봉사과,기타,2020,728720,307380,천원,경상북도 영주시
15062963,경상북도 영주시 새마을봉사과,사회복지,2020,31260228,91077,천원,경상북도 영주시
15062963,경상북도 영주시 문화예술과,문화및관광,2020,1058815836,141314165,천원,경상북도 영주시
15062963,경상북도 영주시 문화예술과,기타,2020,2786139,872022,천원,경상북도 영주시
15062963,경상북도 영주시 선비인재양성과,교육,2020,152322482,54413803,천원,경상북도 영주시
15062963,경상북도 영주시 선비인재양성과,농림해양수산,2020,11721352,4522095,천원,경상북도 영주시
15062963,경상북도 영주시 선비인재양성과,기타,2020,1737828,652714,천원,경상북도 영주시
15062963,경상북도 영주시 관광진흥과,문화및관광,2020,295005278,62034150,천원,경상북도 영주시
15062963,경상북도 영주시 관광진흥과,농림해양수산,2020,2487503,988873,천원,경상북도 영주시
15062963,경상북도 영주시 관광진흥과,보건,2020,11353554,5298345,천원,경상북도 영주시
15062963,경상북도 영주시 관광진흥과,기타,2020,1765181,670597,천원,경상북도 영주시
15062963,경상북도 영주시 사회복지과,사회복지,2020,547600148,193755601,천원,경상북도 영주시
15062963,경상북도 영주시 사회복지과,기타,2020,567428,146932,천원,경상북도 영주시
15062963,경상북도 영주시 노인장애인과,사회복지,2020,989651518,536937260,천원,경상북도 영주시
15062963,경상북도 영주시 노인장애인과,기타,2020,992999,383004,천원,경상북도 영주시
15062963,경상북도 영주시 아동청소년과,사회복지,2020,816114698,332382645,천원,경상북도 영주시
15062963,경상북도 영주시 아동청소년과,기타,2020,6821393,2343102,천원,경상북도 영주시
15062963,경상북도 영주시 안전재난과,공공질서및안전,2020,339818434,132162147,천원,경상북도 영주시
15062963,경상북도 영주시 안전재난과,기타,2020,1379596,559785,천원,경상북도 영주시
15062963,경상북도 영주시 체육진흥과,문화및관광,2020,367698676,98043941,천원,경상북도 영주시
15062963,경상북도 영주시 체육진흥과,기타,2020,2899320,1227500,천원,경상북도 영주시
15062963,경상북도 영주시 교통행정과,교통및물류,2020,570243715,228466483,천원,경상북도 영주시
15062963,경상북도 영주시 교통행정과,기타,2020,2381295,842739,천원,경상북도 영주시
15062963,경상북도 영주시 환경보호과,환경,2020,643210807,211700637,천원,경상북도 영주시
15062963,경상북도 영주시 환경보호과,기타,2020,42158335,14251754,천원,경상북도 영주시
15062963,경상북도 영주시 산림녹지과,농림해양수산,2020,399461460,167630286,천원,경상북도 영주시
15062963,경상북도 영주시 산림녹지과,기타,2020,1864288,800551,천원,경상북도 영주시
15062963,경상북도 영주시 건설과,국토및지역개발,2020,177706573,24980802,천원,경상북도 영주시
15062963,경상북도 영주시 건설과,교통및물류,2020,396333099,83116628,천원,경상북도 영주시
15062963,경상북도 영주시 건설과,농림해양수산,2020,828462460,211499245,천원,경상북도 영주시
15062963,경상북도 영주시 건설과,기타,2020,13374780,5179281,천원,경상북도 영주시
15062963,경상북도 영주시 하천과,공공질서및안전,2020,262500656,92138848,천원,경상북도 영주시
15062963,경상북도 영주시 하천과,국토및지역개발,2020,463216518,112629227,천원,경상북도 영주시
15062963,경상북도 영주시 하천과,기타,2020,4917465,1976838,천원,경상북도 영주시
15062963,경상북도 영주시 하천과,문화및관광,2020,17275006,3700027,천원,경상북도 영주시
15062963,경상북도 영주시 도시과,국토및지역개발,2020,574907715,169650982,천원,경상북도 영주시
15062963,경상북도 영주시 도시과,기타,2020,2656640,1008718,천원,경상북도 영주시
15062963,경상북도 영주시 도시과,사회복지,2020,898960,135500,천원,경상북도 영주시
15062963,경상북도 영주시 도시과,농림해양수산,2020,20968016,8381593,천원,경상북도 영주시
15062963,경상북도 영주시 건축과,사회복지,2020,104760265,54199581,천원,경상북도 영주시
15062963,경상북도 영주시 건축과,국토및지역개발,2020,1338108,127144,천원,경상북도 영주시
15062963,경상북도 영주시 건축과,기타,2020,1161240,488423,천원,경상북도 영주시
15062963,경상북도 영주시 토지정보과,국토및지역개발,2020,51643752,21116661,천원,경상북도 영주시
15062963,경상북도 영주시 토지정보과,기타,2020,1613340,441604,천원,경상북도 영주시
15062963,경상북도 영주시 허가과,농림해양수산,2020,1370040,73602,천원,경상북도 영주시
15062963,경상북도 영주시 허가과,일반공공행정,2020,596700,217850,천원,경상북도 영주시
15062963,경상북도 영주시 허가과,국토및지역개발,2020,4648810,2074228,천원,경상북도 영주시
15062963,경상북도 영주시 허가과,기타,2020,1947630,727037,천원,경상북도 영주시
15062963,경상북도 영주시 보건소,보건,2020,196890458,74481153,천원,경상북도 영주시
15062963,경상북도 영주시 보건소,기타,2020,35576284,9756615,천원,경상북도 영주시
15062963,경상북도 영주시 보건소,사회복지,2020,4630680,2313924,천원,경상북도 영주시
15062963,경상북도 영주시 농업기술센터,농림해양수산,2020,2016325943,723064480,천원,경상북도 영주시
15062963,경상북도 영주시 농업기술센터,기타,2020,34037429,12039744,천원,경상북도 영주시
15062963,경상북도 영주시 농업기술센터,문화및관광,2020,16700580,4984035,천원,경상북도 영주시
15062963,경상북도 영주시 의회사무국,일반공공행정,2020,19599000,5217526,천원,경상북도 영주시
15062963,경상북도 영주시 의회사무국,기타,2020,5556855,1782526,천원,경상북도 영주시
15062963,경상북도 영주시 수도사업소,환경,2020,578203060,142864990,천원,경상북도 영주시
15062963,경상북도 영주시 수도사업소,기타,2020,66952675,,천원,경상북도 영주시
15062963,경상북도 영주시 환경사업소,환경,2020,574307170,174493572,천원,경상북도 영주시
15062963,경상북도 영주시 환경사업소,기타,2020,43653940,1111616,천원,경상북도 영주시
15062963,경상북도 영주시 문화예술회관,문화및관광,2020,11384980,2894715,천원,경상북도 영주시
15062963,경상북도 영주시 문화예술회관,기타,2020,2334045,730404,천원,경상북도 영주시
15062963,경상북도 영주시 소수서원관리사무소,문화및관광,2020,43021258,12239371,천원,경상북도 영주시
15062963,경상북도 영주시 소수서원관리사무소,기타,2020,6055371,1643681,천원,경상북도 영주시
15062963,경상북도 영주시 풍기읍,일반공공행정,2020,14440725,5730245,천원,경상북도 영주시
15062963,경상북도 영주시 풍기읍,기타,2020,9562125,3230650,천원,경상북도 영주시
15062963,경상북도 영주시 이산면,일반공공행정,2020,9230165,4090865,천원,경상북도 영주시
15062963,경상북도 영주시 이산면,기타,2020,2672195,1008360,천원,경상북도 영주시
15062963,경상북도 영주시 평은면,일반공공행정,2020,7669622,3553333,천원,경상북도 영주시
15062963,경상북도 영주시 평은면,기타,2020,2687235,971719,천원,경상북도 영주시
15062963,경상북도 영주시 문수면,일반공공행정,2020,8558370,4540919,천원,경상북도 영주시
15062963,경상북도 영주시 문수면,기타,2020,2678100,1009610,천원,경상북도 영주시
15062963,경상북도 영주시 장수면,일반공공행정,2020,9567135,4036364,천원,경상북도 영주시
15062963,경상북도 영주시 장수면,기타,2020,2812485,1002608,천원,경상북도 영주시
15062963,경상북도 영주시 안정면,일반공공행정,2020,11304119,5570845,천원,경상북도 영주시
15062963,경상북도 영주시 안정면,기타,2020,2996728,1062621,천원,경상북도 영주시
15062963,경상북도 영주시 봉현면,일반공공행정,2020,9881029,4417736,천원,경상북도 영주시
15062963,경상북도 영주시 봉현면,기타,2020,2856144,1081364,천원,경상북도 영주시
15062963,경상북도 영주시 순흥면,일반공공행정,2020,8492025,4797291,천원,경상북도 영주시
15062963,경상북도 영주시 순흥면,기타,2020,2663685,923146,천원,경상북도 영주시
15062963,경상북도 영주시 단산면,일반공공행정,2020,9794075,5174446,천원,경상북도 영주시
15062963,경상북도 영주시 단산면,기타,2020,2517135,795877,천원,경상북도 영주시
15062963,경상북도 영주시 부석면,일반공공행정,2020,11978300,4254724,천원,경상북도 영주시
15062963,경상북도 영주시 부석면,기타,2020,3243975,1395250,천원,경상북도 영주시
15062963,경상북도 영주시 상망동,일반공공행정,2020,7379722,2799130,천원,경상북도 영주시
15062963,경상북도 영주시 상망동,기타,2020,2798928,1040637,천원,경상북도 영주시
15062963,경상북도 영주시 하망동,일반공공행정,2020,5019440,1972937,천원,경상북도 영주시
15062963,경상북도 영주시 하망동,기타,2020,2311568,837468,천원,경상북도 영주시
15062963,경상북도 영주시 영주1동,일반공공행정,2020,5329843,1850108,천원,경상북도 영주시
15062963,경상북도 영주시 영주1동,기타,2020,2624752,833425,천원,경상북도 영주시
15062963,경상북도 영주시 영주2동,일반공공행정,2020,3963617,1499855,천원,경상북도 영주시
15062963,경상북도 영주시 영주2동,기타,2020,2346187,780330,천원,경상북도 영주시
15062963,경상북도 영주시 휴천1동,일반공공행정,2020,5975725,2424513,천원,경상북도 영주시
15062963,경상북도 영주시 휴천1동,기타,2020,2362365,875761,천원,경상북도 영주시
15062963,경상북도 영주시 휴천2동,일반공공행정,2020,6436282,1904583,천원,경상북도 영주시
15062963,경상북도 영주시 휴천2동,기타,2020,2761395,718490,천원,경상북도 영주시
15062963,경상북도 영주시 휴천3동,일반공공행정,2020,7358309,3088193,천원,경상북도 영주시
15062963,경상북도 영주시 휴천3동,기타,2020,2667440,954200,천원,경상북도 영주시
15062963,경상북도 영주시 가흥1동,일반공공행정,2020,9790599,3819679,천원,경상북도 영주시
15062963,경상북도 영주시 가흥1동,기타,2020,3338622,1281485,천원,경상북도 영주시
15062963,경상북도 영주시 가흥2동,일반공공행정,2020,6333315,2986564,천원,경상북도 영주시
15062963,경상북도 영주시 가흥2동,기타,2020,2317125,734448,천원,경상북도 영주시
15062963,경상북도 영주시 기획예산실,일반공공행정,2019,57914501,29487941,천원,경상북도 영주시
15062963,경상북도 영주시 기획예산실,기타,2019,157869,139381,천원,경상북도 영주시
15062963,경상북도 영주시 기획예산실,예비비,2019,25691024,,천원,경상북도 영주시
15062963,경상북도 영주시 감사실,일반공공행정,2019,125694,110859,천원,경상북도 영주시
15062963,경상북도 영주시 감사실,기타,2019,52826,48544,천원,경상북도 영주시
15062963,경상북도 영주시 첨단베어링산업지원단,산업ㆍ중소기업,2019,1280000,1280000,천원,경상북도 영주시
15062963,경상북도 영주시 첨단베어링산업지원단,국토및지역개발,2019,178216,157630,천원,경상북도 영주시
15062963,경상북도 영주시 첨단베어링산업지원단,기타,2019,54891,54727,천원,경상북도 영주시
15062963,경상북도 영주시 유통지원과,기타,2019,78648,70906,천원,경상북도 영주시
15062963,경상북도 영주시 유통지원과,농림해양수산,2019,7943541,3386399,천원,경상북도 영주시
15062963,경상북도 영주시 유통지원과,일반공공행정,2019,319320,302327,천원,경상북도 영주시
15062963,경상북도 영주시 일자리경제과,산업ㆍ중소기업,2019,14766006,7116791,천원,경상북도 영주시
15062963,경상북도 영주시 일자리경제과,기타,2019,109467,104618,천원,경상북도 영주시
15062963,경상북도 영주시 일자리경제과,사회복지,2019,5167563,4728515,천원,경상북도 영주시
15062963,경상북도 영주시 복지정책과,사회복지,2019,32316842,29436588,천원,경상북도 영주시
15062963,경상북도 영주시 복지정책과,기타,2019,352044,334302,천원,경상북도 영주시
15062963,경상북도 영주시 투자전략과,국토및지역개발,2019,6132364,3706654,천원,경상북도 영주시
15062963,경상북도 영주시 투자전략과,산업ㆍ중소기업,2019,3962230,382336,천원,경상북도 영주시
15062963,경상북도 영주시 투자전략과,기타,2019,73300,68078,천원,경상북도 영주시
15062963,경상북도 영주시 투자전략과,일반공공행정,2019,58320,39348,천원,경상북도 영주시
15062963,경상북도 영주시 총무과,일반공공행정,2019,6847626,6417534,천원,경상북도 영주시
15062963,경상북도 영주시 총무과,기타,2019,71390113,68824069,천원,경상북도 영주시
15062963,경상북도 영주시 홍보전산실,일반공공행정,2019,7216504,7095332,천원,경상북도 영주시
15062963,경상북도 영주시 홍보전산실,기타,2019,141998,135623,천원,경상북도 영주시
15062963,경상북도 영주시 세무과,일반공공행정,2019,710282,693983,천원,경상북도 영주시
15062963,경상북도 영주시 세무과,기타,2019,151981,151973,천원,경상북도 영주시
15062963,경상북도 영주시 회계과,일반공공행정,2019,12163800,7900936,천원,경상북도 영주시
15062963,경상북도 영주시 회계과,기타,2019,149688,144050,천원,경상북도 영주시
15062963,경상북도 영주시 새마을봉사과,일반공공행정,2019,4766061,1965298,천원,경상북도 영주시
15062963,경상북도 영주시 새마을봉사과,환경보호,2019,53357,46343,천원,경상북도 영주시
15062963,경상북도 영주시 새마을봉사과,기타,2019,62018,55044,천원,경상북도 영주시
15062963,경상북도 영주시 새마을봉사과,사회복지,2019,3027000,44974,천원,경상북도 영주시
15062963,경상북도 영주시 문화예술과,문화및관광,2019,70853902,28161397,천원,경상북도 영주시
15062963,경상북도 영주시 문화예술과,기타,2019,196483,186831,천원,경상북도 영주시
15062963,경상북도 영주시 선비인재양성과,교육,2019,7711430,6827391,천원,경상북도 영주시
15062963,경상북도 영주시 선비인재양성과,농림해양수산,2019,1569692,1504016,천원,경상북도 영주시
15062963,경상북도 영주시 선비인재양성과,기타,2019,133394,133040,천원,경상북도 영주시
15062963,경상북도 영주시 관광진흥과,문화및관광,2019,25521062,10285600,천원,경상북도 영주시
15062963,경상북도 영주시 관광진흥과,농림해양수산,2019,532746,344813,천원,경상북도 영주시
15062963,경상북도 영주시 관광진흥과,보건,2019,910226,556665,천원,경상북도 영주시
15062963,경상북도 영주시 관광진흥과,기타,2019,142570,141310,천원,경상북도 영주시
15062963,경상북도 영주시 사회복지과,사회복지,2019,111182914,105623974,천원,경상북도 영주시
15062963,경상북도 영주시 사회복지과,기타,2019,122420,117632,천원,경상북도 영주시
15062963,경상북도 영주시 아동청소년과,사회복지,2019,40517692,37454562,천원,경상북도 영주시
15062963,경상북도 영주시 아동청소년과,기타,2019,351774,334777,천원,경상북도 영주시
15062963,경상북도 영주시 안전재난과,공공질서및안전,2019,16971706,9640705,천원,경상북도 영주시
15062963,경상북도 영주시 안전재난과,기타,2019,84194,82026,천원,경상북도 영주시
15062963,경상북도 영주시 체육진흥과,문화및관광,2019,21948598,12502924,천원,경상북도 영주시
15062963,경상북도 영주시 체육진흥과,기타,2019,133198,132913,천원,경상북도 영주시
15062963,경상북도 영주시 교통행정과,수송및교통,2019,34155496,27420542,천원,경상북도 영주시
15062963,경상북도 영주시 교통행정과,기타,2019,145899,136638,천원,경상북도 영주시
15062963,경상북도 영주시 환경보호과,환경보호,2019,28909856,21609244,천원,경상북도 영주시
15062963,경상북도 영주시 환경보호과,기타,2019,2164980,2163473,천원,경상북도 영주시
15062963,경상북도 영주시 산림녹지과,농림해양수산,2019,17029760,13347223,천원,경상북도 영주시
15062963,경상북도 영주시 산림녹지과,기타,2019,102496,100396,천원,경상북도 영주시
15062963,경상북도 영주시 건설과,국토및지역개발,2019,13902740,10776704,천원,경상북도 영주시
15062963,경상북도 영주시 건설과,수송및교통,2019,37011975,24148541,천원,경상북도 영주시
15062963,경상북도 영주시 건설과,농림해양수산,2019,45796734,26284320,천원,경상북도 영주시
15062963,경상북도 영주시 건설과,기타,2019,905114,809669,천원,경상북도 영주시
15062963,경상북도 영주시 하천과,공공질서및안전,2019,20327408,15937475,천원,경상북도 영주시
15062963,경상북도 영주시 하천과,국토및지역개발,2019,31135615,20338687,천원,경상북도 영주시
15062963,경상북도 영주시 하천과,기타,2019,318339,293179,천원,경상북도 영주시
15062963,경상북도 영주시 하천과,문화및관광,2019,302937,134285,천원,경상북도 영주시
15062963,경상북도 영주시 도시과,국토및지역개발,2019,52184460,29526674,천원,경상북도 영주시
15062963,경상북도 영주시 도시과,기타,2019,190098,186621,천원,경상북도 영주시
15062963,경상북도 영주시 도시과,사회복지,2019,40793,39113,천원,경상북도 영주시
15062963,경상북도 영주시 도시과,농림해양수산,2019,3849508,2539008,천원,경상북도 영주시
15062963,경상북도 영주시 건축과,사회복지,2019,5421001,5283628,천원,경상북도 영주시
15062963,경상북도 영주시 건축과,국토및지역개발,2019,452006,405554,천원,경상북도 영주시
15062963,경상북도 영주시 건축과,기타,2019,69435,69378,천원,경상북도 영주시
15062963,경상북도 영주시 토지정보과,국토및지역개발,2019,2257759,1869530,천원,경상북도 영주시
15062963,경상북도 영주시 토지정보과,기타,2019,73434,71196,천원,경상북도 영주시
15062963,경상북도 영주시 허가과,농림해양수산,2019,35042,35042,천원,경상북도 영주시
15062963,경상북도 영주시 허가과,일반공공행정,2019,109650,107082,천원,경상북도 영주시
15062963,경상북도 영주시 허가과,국토및지역개발,2019,394414,358267,천원,경상북도 영주시
15062963,경상북도 영주시 허가과,기타,2019,119936,119540,천원,경상북도 영주시
15062963,경상북도 영주시 보건소,보건,2019,11035777,10481538,천원,경상북도 영주시
15062963,경상북도 영주시 보건소,기타,2019,1659507,1086177,천원,경상북도 영주시
15062963,경상북도 영주시 보건소,사회복지,2019,265806,254492,천원,경상북도 영주시
15062963,경상북도 영주시 농업기술센터,농림해양수산,2019,77597416,60568205,천원,경상북도 영주시
15062963,경상북도 영주시 농업기술센터,기타,2019,1630502,1487171,천원,경상북도 영주시
15062963,경상북도 영주시 농업기술센터,문화및관광,2019,418633,397928,천원,경상북도 영주시
15062963,경상북도 영주시 의회사무국,일반공공행정,2019,1055388,985763,천원,경상북도 영주시
15062963,경상북도 영주시 의회사무국,기타,2019,322008,320583,천원,경상북도 영주시
15062963,경상북도 영주시 수도사업소,환경보호,2019,44956312,14396346,천원,경상북도 영주시
15062963,경상북도 영주시 수도사업소,기타,2019,4548889,,천원,경상북도 영주시
15062963,경상북도 영주시 환경사업소,환경보호,2019,35837988,12101901,천원,경상북도 영주시
15062963,경상북도 영주시 환경사업소,기타,2019,2818354,190514,천원,경상북도 영주시
15062963,경상북도 영주시 문화예술회관,문화및관광,2019,837337,828372,천원,경상북도 영주시
15062963,경상북도 영주시 문화예술회관,기타,2019,139674,128014,천원,경상북도 영주시
15062963,경상북도 영주시 소수서원관리사무소,문화및관광,2019,2797274,2017156,천원,경상북도 영주시
15062963,경상북도 영주시 소수서원관리사무소,기타,2019,345074,310175,천원,경상북도 영주시
15062963,경상북도 영주시 풍기읍,일반공공행정,2019,1038804,1016154,천원,경상북도 영주시
15062963,경상북도 영주시 풍기읍,기타,2019,580320,504346,천원,경상북도 영주시
15062963,경상북도 영주시 이산면,일반공공행정,2019,697217,690629,천원,경상북도 영주시
15062963,경상북도 영주시 이산면,기타,2019,173475,161214,천원,경상북도 영주시
15062963,경상북도 영주시 평은면,일반공공행정,2019,520880,501068,천원,경상북도 영주시
15062963,경상북도 영주시 평은면,기타,2019,157211,150849,천원,경상북도 영주시
15062963,경상북도 영주시 문수면,일반공공행정,2019,536918,525684,천원,경상북도 영주시
15062963,경상북도 영주시 문수면,기타,2019,166602,143529,천원,경상북도 영주시
15062963,경상북도 영주시 장수면,일반공공행정,2019,731492,713238,천원,경상북도 영주시
15062963,경상북도 영주시 장수면,기타,2019,165761,147048,천원,경상북도 영주시
15062963,경상북도 영주시 안정면,일반공공행정,2019,791296,779941,천원,경상북도 영주시
15062963,경상북도 영주시 안정면,기타,2019,240695,224174,천원,경상북도 영주시
15062963,경상북도 영주시 봉현면,일반공공행정,2019,666596,656137,천원,경상북도 영주시
15062963,경상북도 영주시 봉현면,기타,2019,167243,154846,천원,경상북도 영주시
15062963,경상북도 영주시 순흥면,일반공공행정,2019,649856,640638,천원,경상북도 영주시
15062963,경상북도 영주시 순흥면,기타,2019,194756,168459,천원,경상북도 영주시
15062963,경상북도 영주시 단산면,일반공공행정,2019,633611,606682,천원,경상북도 영주시
15062963,경상북도 영주시 단산면,기타,2019,163371,136133,천원,경상북도 영주시
15062963,경상북도 영주시 부석면,일반공공행정,2019,824746,800969,천원,경상북도 영주시
15062963,경상북도 영주시 부석면,기타,2019,200873,156091,천원,경상북도 영주시
15062963,경상북도 영주시 상망동,일반공공행정,2019,535299,531077,천원,경상북도 영주시
15062963,경상북도 영주시 상망동,기타,2019,159343,149440,천원,경상북도 영주시
15062963,경상북도 영주시 하망동,일반공공행정,2019,401442,386066,천원,경상북도 영주시
15062963,경상북도 영주시 하망동,기타,2019,238284,215557,천원,경상북도 영주시
15062963,경상북도 영주시 영주1동,일반공공행정,2019,316791,308059,천원,경상북도 영주시
15062963,경상북도 영주시 영주1동,기타,2019,160257,149007,천원,경상북도 영주시
15062963,경상북도 영주시 영주2동,일반공공행정,2019,204694,196418,천원,경상북도 영주시
15062963,경상북도 영주시 영주2동,기타,2019,134012,125265,천원,경상북도 영주시
15062963,경상북도 영주시 휴천1동,일반공공행정,2019,358272,349314,천원,경상북도 영주시
15062963,경상북도 영주시 휴천1동,기타,2019,142500,126648,천원,경상북도 영주시
15062963,경상북도 영주시 휴천2동,일반공공행정,2019,307659,298141,천원,경상북도 영주시
15062963,경상북도 영주시 휴천2동,기타,2019,135333,127612,천원,경상북도 영주시
15062963,경상북도 영주시 휴천3동,일반공공행정,2019,465264,458143,천원,경상북도 영주시
15062963,경상북도 영주시 휴천3동,기타,2019,153651,129774,천원,경상북도 영주시
15062963,경상북도 영주시 가흥1동,일반공공행정,2019,577307,574927,천원,경상북도 영주시
15062963,경상북도 영주시 가흥1동,기타,2019,171816,161904,천원,경상북도 영주시
15062963,경상북도 영주시 가흥2동,일반공공행정,2019,433296,425397,천원,경상북도 영주시
15062963,경상북도 영주시 가흥2동,기타,2019,159494,135956,천원,경상북도 영주시
15062963,경상북도 영주시 기획예산실,일반공공행정,2018,12161365,11533189,천원,경상북도 영주시
15062963,경상북도 영주시 기획예산실,기타,2018,193290,191584,천원,경상북도 영주시
15062963,경상북도 영주시 기획예산실,예비비,2018,31657723,,천원,경상북도 영주시
15062963,경상북도 영주시 일자리경제과,산업ㆍ중소기업,2018,14589113,7118482,천원,경상북도 영주시
15062963,경상북도 영주시 일자리경제과,기타,2018,97883,97876,천원,경상북도 영주시
15062963,경상북도 영주시 일자리경제과,사회복지,2018,3323789,1846563,천원,경상북도 영주시
15062963,경상북도 영주시 일자리경제과,일반공공행정,2018,518740,459288,천원,경상북도 영주시
15062963,경상북도 영주시 투자전략과,국토및지역개발,2018,4540662,2352484,천원,경상북도 영주시
15062963,경상북도 영주시 투자전략과,산업ㆍ중소기업,2018,4386545,2108099,천원,경상북도 영주시
15062963,경상북도 영주시 투자전략과,기타,2018,78744,78727,천원,경상북도 영주시
15062963,경상북도 영주시 투자전략과,일반공공행정,2018,454024,431227,천원,경상북도 영주시
15062963,경상북도 영주시 총무과,일반공공행정,2018,7198483,6921003,천원,경상북도 영주시
15062963,경상북도 영주시 총무과,기타,2018,67589527,65885115,천원,경상북도 영주시
15062963,경상북도 영주시 홍보전산실,일반공공행정,2018,4973483,4921595,천원,경상북도 영주시
15062963,경상북도 영주시 홍보전산실,기타,2018,131357,129183,천원,경상북도 영주시
15062963,경상북도 영주시 세무과,일반공공행정,2018,653288,622587,천원,경상북도 영주시
15062963,경상북도 영주시 세무과,기타,2018,151981,151981,천원,경상북도 영주시
15062963,경상북도 영주시 회계과,일반공공행정,2018,9247413,5703194,천원,경상북도 영주시
15062963,경상북도 영주시 회계과,기타,2018,128732,128731,천원,경상북도 영주시
15062963,경상북도 영주시 새마을봉사과,일반공공행정,2018,496586,440716,천원,경상북도 영주시
15062963,경상북도 영주시 새마을봉사과,기타,2018,87047,87042,천원,경상북도 영주시
15062963,경상북도 영주시 새마을봉사과,농림해양수산,2018,34300,34060,천원,경상북도 영주시
15062963,경상북도 영주시 문화예술과,문화및관광,2018,66108385,26543094,천원,경상북도 영주시
15062963,경상북도 영주시 문화예술과,기타,2018,165637,162566,천원,경상북도 영주시
15062963,경상북도 영주시 문화예술과,일반공공행정,2018,327716,327701,천원,경상북도 영주시
15062963,경상북도 영주시 선비인재양성과,교육,2018,7293029,7189966,천원,경상북도 영주시
15062963,경상북도 영주시 선비인재양성과,기타,2018,143090,142396,천원,경상북도 영주시
15062963,경상북도 영주시 선비인재양성과,문화및관광,2018,4968,824,천원,경상북도 영주시
15062963,경상북도 영주시 관광진흥과,일반공공행정,2018,2208194,1795637,천원,경상북도 영주시
15062963,경상북도 영주시 관광진흥과,환경보호,2018,64019,55568,천원,경상북도 영주시
15062963,경상북도 영주시 관광진흥과,문화및관광,2018,22911252,13902848,천원,경상북도 영주시
15062963,경상북도 영주시 관광진흥과,기타,2018,143133,142975,천원,경상북도 영주시
15062963,경상북도 영주시 관광진흥과,사회복지,2018,2908000,18485,천원,경상북도 영주시
15062963,경상북도 영주시 관광진흥과,보건,2018,334804,,천원,경상북도 영주시
15062963,경상북도 영주시 사회복지과,사회복지,2018,52393123,48825413,천원,경상북도 영주시
15062963,경상북도 영주시 사회복지과,기타,2018,334823,327934,천원,경상북도 영주시
15062963,경상북도 영주시 아동청소년과,사회복지,2018,107629846,100539266,천원,경상북도 영주시
15062963,경상북도 영주시 아동청소년과,기타,2018,323401,315532,천원,경상북도 영주시
15062963,경상북도 영주시 안전재난과,공공질서및안전,2018,13964092,9358610,천원,경상북도 영주시
15062963,경상북도 영주시 안전재난과,기타,2018,78294,78290,천원,경상북도 영주시
15062963,경상북도 영주시 체육진흥과,문화및관광,2018,22633174,13648691,천원,경상북도 영주시
15062963,경상북도 영주시 체육진흥과,기타,2018,97165,97127,천원,경상북도 영주시
15062963,경상북도 영주시 교통행정과,수송및교통,2018,28961932,20442804,천원,경상북도 영주시
15062963,경상북도 영주시 교통행정과,기타,2018,140943,133046,천원,경상북도 영주시
15062963,경상북도 영주시 환경보호과,환경보호,2018,22934146,14472442,천원,경상북도 영주시
15062963,경상북도 영주시 환경보호과,기타,2018,2042007,1993265,천원,경상북도 영주시
15062963,경상북도 영주시 산림녹지과,농림해양수산,2018,8929296,8619649,천원,경상북도 영주시
15062963,경상북도 영주시 산림녹지과,기타,2018,104954,102797,천원,경상북도 영주시
15062963,경상북도 영주시 건설과,국토및지역개발,2018,13152101,8202914,천원,경상북도 영주시
15062963,경상북도 영주시 건설과,수송및교통,2018,33149653,19518819,천원,경상북도 영주시
15062963,경상북도 영주시 건설과,농림해양수산,2018,37716760,24472961,천원,경상북도 영주시
15062963,경상북도 영주시 건설과,기타,2018,813823,777230,천원,경상북도 영주시
15062963,경상북도 영주시 하천과,공공질서및안전,2018,16255977,12171106,천원,경상북도 영주시
15062963,경상북도 영주시 하천과,국토및지역개발,2018,25300780,19126065,천원,경상북도 영주시
15062963,경상북도 영주시 하천과,기타,2018,298662,281889,천원,경상북도 영주시
15062963,경상북도 영주시 도시과,국토및지역개발,2018,38266041,17990345,천원,경상북도 영주시
15062963,경상북도 영주시 도시과,기타,2018,178967,168572,천원,경상북도 영주시
15062963,경상북도 영주시 도시과,사회복지,2018,96929,91066,천원,경상북도 영주시
15062963,경상북도 영주시 도시과,농림해양수산,2018,10669188,5207458,천원,경상북도 영주시
15062963,경상북도 영주시 건축과,사회복지,2018,4584445,4241404,천원,경상북도 영주시
15062963,경상북도 영주시 건축과,국토및지역개발,2018,329942,197457,천원,경상북도 영주시
15062963,경상북도 영주시 건축과,기타,2018,95129,95007,천원,경상북도 영주시
15062963,경상북도 영주시 토지정보과,국토및지역개발,2018,1767029,1659479,천원,경상북도 영주시
15062963,경상북도 영주시 토지정보과,기타,2018,73434,72427,천원,경상북도 영주시
15062963,경상북도 영주시 보건소,보건,2018,10985392,10261102,천원,경상북도 영주시
15062963,경상북도 영주시 보건소,기타,2018,1177663,965575,천원,경상북도 영주시
15062963,경상북도 영주시 보건소,사회복지,2018,240816,240816,천원,경상북도 영주시
15062963,경상북도 영주시 농업기술센터,농림해양수산,2018,78839623,61311538,천원,경상북도 영주시
15062963,경상북도 영주시 농업기술센터,기타,2018,1682153,1628151,천원,경상북도 영주시
15062963,경상북도 영주시 농업기술센터,문화및관광,2018,552272,490030,천원,경상북도 영주시
15062963,경상북도 영주시 의회사무국,일반공공행정,2018,1690421,1619879,천원,경상북도 영주시
15062963,경상북도 영주시 의회사무국,기타,2018,330638,318701,천원,경상북도 영주시
15062963,경상북도 영주시 수도사업소,환경보호,2018,40842729,14861206,천원,경상북도 영주시
15062963,경상북도 영주시 수도사업소,예비비,2018,1079991,,천원,경상북도 영주시
15062963,경상북도 영주시 수도사업소,기타,2018,3855882,,천원,경상북도 영주시
15062963,경상북도 영주시 환경사업소,환경보호,2018,36772781,13189257,천원,경상북도 영주시
15062963,경상북도 영주시 환경사업소,기타,2018,2631994,205422,천원,경상북도 영주시
15062963,경상북도 영주시 환경사업소,예비비,2018,1020212,,천원,경상북도 영주시
15062963,경상북도 영주시 문화예술회관,문화및관광,2018,766000,727302,천원,경상북도 영주시
15062963,경상북도 영주시 문화예술회관,기타,2018,142458,135548,천원,경상북도 영주시
15062963,경상북도 영주시 소수서원관리사무소,문화및관광,2018,1737619,1158611,천원,경상북도 영주시
15062963,경상북도 영주시 소수서원관리사무소,기타,2018,286770,275564,천원,경상북도 영주시
15062963,경상북도 영주시 풍기읍,일반공공행정,2018,894147,881421,천원,경상북도 영주시
15062963,경상북도 영주시 풍기읍,기타,2018,563869,506518,천원,경상북도 영주시
15062963,경상북도 영주시 이산면,일반공공행정,2018,543125,535651,천원,경상북도 영주시
15062963,경상북도 영주시 이산면,기타,2018,174087,168637,천원,경상북도 영주시
15062963,경상북도 영주시 평은면,일반공공행정,2018,448936,445173,천원,경상북도 영주시
15062963,경상북도 영주시 평은면,기타,2018,162138,145656,천원,경상북도 영주시
15062963,경상북도 영주시 문수면,일반공공행정,2018,477962,468661,천원,경상북도 영주시
15062963,경상북도 영주시 문수면,기타,2018,154870,151245,천원,경상북도 영주시
15062963,경상북도 영주시 장수면,일반공공행정,2018,546087,533064,천원,경상북도 영주시
15062963,경상북도 영주시 장수면,기타,2018,154133,151479,천원,경상북도 영주시
15062963,경상북도 영주시 안정면,일반공공행정,2018,587053,574601,천원,경상북도 영주시
15062963,경상북도 영주시 안정면,기타,2018,158406,152505,천원,경상북도 영주시
15062963,경상북도 영주시 봉현면,일반공공행정,2018,502268,490477,천원,경상북도 영주시
15062963,경상북도 영주시 봉현면,기타,2018,157109,151456,천원,경상북도 영주시
15062963,경상북도 영주시 순흥면,일반공공행정,2018,503702,493136,천원,경상북도 영주시
15062963,경상북도 영주시 순흥면,기타,2018,160898,149393,천원,경상북도 영주시
15062963,경상북도 영주시 단산면,일반공공행정,2018,492809,480384,천원,경상북도 영주시
15062963,경상북도 영주시 단산면,기타,2018,153498,145877,천원,경상북도 영주시
15062963,경상북도 영주시 부석면,일반공공행정,2018,626948,612139,천원,경상북도 영주시
15062963,경상북도 영주시 부석면,기타,2018,179809,161398,천원,경상북도 영주시
15062963,경상북도 영주시 상망동,일반공공행정,2018,398519,396192,천원,경상북도 영주시
15062963,경상북도 영주시 상망동,기타,2018,165079,160673,천원,경상북도 영주시
15062963,경상북도 영주시 하망동,일반공공행정,2018,273121,256137,천원,경상북도 영주시
15062963,경상북도 영주시 하망동,기타,2018,127822,122652,천원,경상북도 영주시
15062963,경상북도 영주시 영주1동,일반공공행정,2018,306511,288735,천원,경상북도 영주시
15062963,경상북도 영주시 영주1동,기타,2018,155191,143976,천원,경상북도 영주시
15062963,경상북도 영주시 영주2동,일반공공행정,2018,238696,230796,천원,경상북도 영주시
15062963,경상북도 영주시 영주2동,기타,2018,119861,118183,천원,경상북도 영주시
15062963,경상북도 영주시 휴천1동,일반공공행정,2018,381241,371158,천원,경상북도 영주시
15062963,경상북도 영주시 휴천1동,기타,2018,133754,132039,천원,경상북도 영주시
15062963,경상북도 영주시 휴천2동,일반공공행정,2018,305013,293001,천원,경상북도 영주시
15062963,경상북도 영주시 휴천2동,기타,2018,128970,125339,천원,경상북도 영주시
15062963,경상북도 영주시 휴천3동,일반공공행정,2018,416815,408440,천원,경상북도 영주시
15062963,경상북도 영주시 휴천3동,기타,2018,130830,123135,천원,경상북도 영주시
15062963,경상북도 영주시 가흥1동,일반공공행정,2018,475816,459079,천원,경상북도 영주시
15062963,경상북도 영주시 가흥1동,기타,2018,166886,154326,천원,경상북도 영주시
15062963,경상북도 영주시 가흥2동,일반공공행정,2018,407385,383599,천원,경상북도 영주시
15062963,경상북도 영주시 가흥2동,기타,2018,132211,119212,천원,경상북도 영주시
15062963,경상북도 영주시 기획예산실,일반공공행정,2017,29639193,29273059,천원,경상북도 영주시
15062963,경상북도 영주시 기획예산실,기타,2017,188888,187437,천원,경상북도 영주시
15062963,경상북도 영주시 기획예산실,예비비,2017,23340671,,천원,경상북도 영주시
15062963,경상북도 영주시 일자리경제과,일반공공행정,2017,59702,58050,천원,경상북도 영주시
15062963,경상북도 영주시 일자리경제과,산업ㆍ중소기업,2017,8980875,5454482,천원,경상북도 영주시
15062963,경상북도 영주시 일자리경제과,기타,2017,96254,93226,천원,경상북도 영주시
15062963,경상북도 영주시 일자리경제과,사회복지,2017,1838816,1599258,천원,경상북도 영주시
15062963,경상북도 영주시 투자전략과,국토및지역개발,2017,3870496,3478775,천원,경상북도 영주시
15062963,경상북도 영주시 투자전략과,산업ㆍ중소기업,2017,15287546,12295614,천원,경상북도 영주시
15062963,경상북도 영주시 투자전략과,기타,2017,77772,77766,천원,경상북도 영주시
15062963,경상북도 영주시 투자전략과,일반공공행정,2017,312446,278253,천원,경상북도 영주시
15062963,경상북도 영주시 총무과,일반공공행정,2017,6558252,6223144,천원,경상북도 영주시
15062963,경상북도 영주시 총무과,기타,2017,66019549,65050265,천원,경상북도 영주시
15062963,경상북도 영주시 홍보전산실,일반공공행정,2017,4538893,4453204,천원,경상북도 영주시
15062963,경상북도 영주시 홍보전산실,기타,2017,114148,112852,천원,경상북도 영주시
15062963,경상북도 영주시 세무과,일반공공행정,2017,527390,512801,천원,경상북도 영주시
15062963,경상북도 영주시 세무과,기타,2017,149432,149432,천원,경상북도 영주시
15062963,경상북도 영주시 회계과,일반공공행정,2017,10994075,7649653,천원,경상북도 영주시
15062963,경상북도 영주시 회계과,기타,2017,102020,102015,천원,경상북도 영주시
15062963,경상북도 영주시 새마을봉사과,일반공공행정,2017,376734,362634,천원,경상북도 영주시
15062963,경상북도 영주시 새마을봉사과,기타,2017,84616,84387,천원,경상북도 영주시
15062963,경상북도 영주시 새마을봉사과,농림해양수산,2017,32739,32739,천원,경상북도 영주시
15062963,경상북도 영주시 문화예술과,문화및관광,2017,61349265,25830625,천원,경상북도 영주시
15062963,경상북도 영주시 문화예술과,기타,2017,124830,117970,천원,경상북도 영주시
15062963,경상북도 영주시 문화예술과,일반공공행정,2017,495060,495043,천원,경상북도 영주시
15062963,경상북도 영주시 선비인재양성과,교육,2017,4798801,4740151,천원,경상북도 영주시
15062963,경상북도 영주시 선비인재양성과,사회복지,2017,210946,206519,천원,경상북도 영주시
15062963,경상북도 영주시 선비인재양성과,기타,2017,142563,142494,천원,경상북도 영주시
15062963,경상북도 영주시 관광진흥과,일반공공행정,2017,1927385,1560952,천원,경상북도 영주시
15062963,경상북도 영주시 관광진흥과,환경보호,2017,48073,39034,천원,경상북도 영주시
15062963,경상북도 영주시 관광진흥과,문화및관광,2017,17728149,9444576,천원,경상북도 영주시
15062963,경상북도 영주시 관광진흥과,기타,2017,129338,128996,천원,경상북도 영주시
15062963,경상북도 영주시 관광진흥과,사회복지,2017,2730000,14767,천원,경상북도 영주시
15062963,경상북도 영주시 관광진흥과,보건,2017,328650,,천원,경상북도 영주시
15062963,경상북도 영주시 사회복지과,사회복지,2017,50107272,47066187,천원,경상북도 영주시
15062963,경상북도 영주시 사회복지과,기타,2017,176695,165107,천원,경상북도 영주시
15062963,경상북도 영주시 아동청소년과,사회복지,2017,99809009,91337060,천원,경상북도 영주시
15062963,경상북도 영주시 아동청소년과,기타,2017,231385,227661,천원,경상북도 영주시
15062963,경상북도 영주시 안전재난과,공공질서및안전,2017,11098357,6491092,천원,경상북도 영주시
15062963,경상북도 영주시 안전재난과,기타,2017,77322,77322,천원,경상북도 영주시
15062963,경상북도 영주시 체육진흥과,문화및관광,2017,22366716,13232889,천원,경상북도 영주시
15062963,경상북도 영주시 체육진흥과,기타,2017,92277,87756,천원,경상북도 영주시
15062963,경상북도 영주시 교통행정과,수송및교통,2017,27875775,21616435,천원,경상북도 영주시
15062963,경상북도 영주시 교통행정과,기타,2017,127138,123842,천원,경상북도 영주시
15062963,경상북도 영주시 환경보호과,환경보호,2017,20251123,14662213,천원,경상북도 영주시
15062963,경상북도 영주시 환경보호과,기타,2017,1851589,1758082,천원,경상북도 영주시
15062963,경상북도 영주시 산림녹지과,농림해양수산,2017,9929573,9662339,천원,경상북도 영주시
15062963,경상북도 영주시 산림녹지과,기타,2017,100411,97038,천원,경상북도 영주시
15062963,경상북도 영주시 건설과,국토및지역개발,2017,9387204,7283039,천원,경상북도 영주시
15062963,경상북도 영주시 건설과,수송및교통,2017,24904386,13297794,천원,경상북도 영주시
15062963,경상북도 영주시 건설과,농림해양수산,2017,35950173,28186572,천원,경상북도 영주시
15062963,경상북도 영주시 건설과,기타,2017,778438,749571,천원,경상북도 영주시
15062963,경상북도 영주시 하천과,공공질서및안전,2017,11806564,7968895,천원,경상북도 영주시
15062963,경상북도 영주시 하천과,국토및지역개발,2017,36195094,27071923,천원,경상북도 영주시
15062963,경상북도 영주시 하천과,기타,2017,287652,262853,천원,경상북도 영주시
15062963,경상북도 영주시 도시과,국토및지역개발,2017,34162524,16999811,천원,경상북도 영주시
15062963,경상북도 영주시 도시과,기타,2017,162437,151424,천원,경상북도 영주시
15062963,경상북도 영주시 도시과,사회복지,2017,473812,374425,천원,경상북도 영주시
15062963,경상북도 영주시 도시과,농림해양수산,2017,9199415,4487192,천원,경상북도 영주시
15062963,경상북도 영주시 건축과,사회복지,2017,4059163,3922925,천원,경상북도 영주시
15062963,경상북도 영주시 건축과,국토및지역개발,2017,996515,882123,천원,경상북도 영주시
15062963,경상북도 영주시 건축과,기타,2017,94788,94766,천원,경상북도 영주시
15062963,경상북도 영주시 토지정보과,국토및지역개발,2017,1716224,1117329,천원,경상북도 영주시
15062963,경상북도 영주시 토지정보과,기타,2017,83042,82889,천원,경상북도 영주시
15062963,경상북도 영주시 보건소,보건,2017,10402596,7592183,천원,경상북도 영주시
15062963,경상북도 영주시 보건소,기타,2017,921639,867459,천원,경상북도 영주시
15062963,경상북도 영주시 보건소,사회복지,2017,240816,240676,천원,경상북도 영주시
15062963,경상북도 영주시 농업기술센터,농림해양수산,2017,73899441,58241686,천원,경상북도 영주시
15062963,경상북도 영주시 농업기술센터,기타,2017,1597728,1554531,천원,경상북도 영주시
15062963,경상북도 영주시 농업기술센터,문화및관광,2017,680234,603487,천원,경상북도 영주시
15062963,경상북도 영주시 의회사무국,일반공공행정,2017,1155453,1109868,천원,경상북도 영주시
15062963,경상북도 영주시 의회사무국,기타,2017,287344,284382,천원,경상북도 영주시
15062963,경상북도 영주시 수도사업소,환경보호,2017,41042063,13050704,천원,경상북도 영주시
15062963,경상북도 영주시 수도사업소,예비비,2017,2430282,,천원,경상북도 영주시
15062963,경상북도 영주시 수도사업소,기타,2017,3589699,,천원,경상북도 영주시
15062963,경상북도 영주시 환경사업소,환경보호,2017,35982934,10927044,천원,경상북도 영주시
15062963,경상북도 영주시 환경사업소,기타,2017,2756945,175952,천원,경상북도 영주시
15062963,경상북도 영주시 환경사업소,예비비,2017,197886,,천원,경상북도 영주시
15062963,경상북도 영주시 문화예술회관,문화및관광,2017,746272,694023,천원,경상북도 영주시
15062963,경상북도 영주시 문화예술회관,기타,2017,129564,125726,천원,경상북도 영주시
15062963,경상북도 영주시 소수서원관리사무소,문화및관광,2017,1274297,1259666,천원,경상북도 영주시
15062963,경상북도 영주시 소수서원관리사무소,기타,2017,267571,257430,천원,경상북도 영주시
15062963,경상북도 영주시 풍기읍,일반공공행정,2017,818797,797538,천원,경상북도 영주시
15062963,경상북도 영주시 풍기읍,기타,2017,534239,498063,천원,경상북도 영주시
15062963,경상북도 영주시 이산면,일반공공행정,2017,536241,531371,천원,경상북도 영주시
15062963,경상북도 영주시 이산면,기타,2017,162650,154797,천원,경상북도 영주시
15062963,경상북도 영주시 평은면,일반공공행정,2017,415974,411375,천원,경상북도 영주시
15062963,경상북도 영주시 평은면,기타,2017,152255,144221,천원,경상북도 영주시
15062963,경상북도 영주시 문수면,일반공공행정,2017,468345,457422,천원,경상북도 영주시
15062963,경상북도 영주시 문수면,기타,2017,152649,145814,천원,경상북도 영주시
15062963,경상북도 영주시 장수면,일반공공행정,2017,503574,490830,천원,경상북도 영주시
15062963,경상북도 영주시 장수면,기타,2017,154033,151581,천원,경상북도 영주시
15062963,경상북도 영주시 안정면,일반공공행정,2017,565442,557116,천원,경상북도 영주시
15062963,경상북도 영주시 안정면,기타,2017,152471,142201,천원,경상북도 영주시
15062963,경상북도 영주시 봉현면,일반공공행정,2017,483934,474214,천원,경상북도 영주시
15062963,경상북도 영주시 봉현면,기타,2017,153896,147869,천원,경상북도 영주시
15062963,경상북도 영주시 순흥면,일반공공행정,2017,455346,443455,천원,경상북도 영주시
15062963,경상북도 영주시 순흥면,기타,2017,162117,156838,천원,경상북도 영주시
15062963,경상북도 영주시 단산면,일반공공행정,2017,490282,474240,천원,경상북도 영주시
15062963,경상북도 영주시 단산면,기타,2017,151287,146911,천원,경상북도 영주시
15062963,경상북도 영주시 부석면,일반공공행정,2017,599646,593358,천원,경상북도 영주시
15062963,경상북도 영주시 부석면,기타,2017,163588,147202,천원,경상북도 영주시
15062963,경상북도 영주시 상망동,일반공공행정,2017,394785,388083,천원,경상북도 영주시
15062963,경상북도 영주시 상망동,기타,2017,150168,146650,천원,경상북도 영주시
15062963,경상북도 영주시 하망동,일반공공행정,2017,265575,249117,천원,경상북도 영주시
15062963,경상북도 영주시 하망동,기타,2017,119800,112169,천원,경상북도 영주시
15062963,경상북도 영주시 영주1동,일반공공행정,2017,394734,384682,천원,경상북도 영주시
15062963,경상북도 영주시 영주1동,기타,2017,253389,233919,천원,경상북도 영주시
15062963,경상북도 영주시 영주2동,일반공공행정,2017,186960,179547,천원,경상북도 영주시
15062963,경상북도 영주시 영주2동,기타,2017,101824,99572,천원,경상북도 영주시
15062963,경상북도 영주시 휴천1동,일반공공행정,2017,328336,324483,천원,경상북도 영주시
15062963,경상북도 영주시 휴천1동,기타,2017,110777,108696,천원,경상북도 영주시
15062963,경상북도 영주시 휴천2동,일반공공행정,2017,232786,221941,천원,경상북도 영주시
15062963,경상북도 영주시 휴천2동,기타,2017,122370,120007,천원,경상북도 영주시
15062963,경상북도 영주시 휴천3동,일반공공행정,2017,390103,380917,천원,경상북도 영주시
15062963,경상북도 영주시 휴천3동,기타,2017,125855,113759,천원,경상북도 영주시
15062963,경상북도 영주시 가흥1동,일반공공행정,2017,500085,494120,천원,경상북도 영주시
15062963,경상북도 영주시 가흥1동,기타,2017,237366,236211,천원,경상북도 영주시
15062963,경상북도 영주시 가흥2동,일반공공행정,2017,391377,385367,천원,경상북도 영주시
15062963,경상북도 영주시 가흥2동,기타,2017,121110,115766,천원,경상북도 영주시
15062963,경상북도 영주시 기획예산실,일반공공행정,2016,6735119,6582245,천원,경상북도 영주시
15062963,경상북도 영주시 기획예산실,기타,2016,187462,178702,천원,경상북도 영주시
15062963,경상북도 영주시 기획예산실,예비비,2016,19081905,,천원,경상북도 영주시
15062963,경상북도 영주시 일자리경제과,일반공공행정,2016,46172,45935,천원,경상북도 영주시
15062963,경상북도 영주시 일자리경제과,산업ㆍ중소기업,2016,5602189,4755521,천원,경상북도 영주시
15062963,경상북도 영주시 일자리경제과,기타,2016,95784,95784,천원,경상북도 영주시
15062963,경상북도 영주시 일자리경제과,사회복지,2016,2324730,1765427,천원,경상북도 영주시
15062963,경상북도 영주시 투자전략과,국토및지역개발,2016,3265600,1541433,천원,경상북도 영주시
15062963,경상북도 영주시 투자전략과,산업ㆍ중소기업,2016,8044701,5264674,천원,경상북도 영주시
15062963,경상북도 영주시 투자전략과,기타,2016,79770,79752,천원,경상북도 영주시
15062963,경상북도 영주시 투자전략과,일반공공행정,2016,145673,107678,천원,경상북도 영주시
15062963,경상북도 영주시 총무과,일반공공행정,2016,6956512,6486589,천원,경상북도 영주시
15062963,경상북도 영주시 총무과,기타,2016,64063533,62702553,천원,경상북도 영주시
15062963,경상북도 영주시 홍보전산실,일반공공행정,2016,4357704,4276691,천원,경상북도 영주시
15062963,경상북도 영주시 홍보전산실,기타,2016,110464,110418,천원,경상북도 영주시
15062963,경상북도 영주시 세무과,일반공공행정,2016,670694,662241,천원,경상북도 영주시
15062963,경상북도 영주시 세무과,기타,2016,149432,149432,천원,경상북도 영주시
15062963,경상북도 영주시 회계과,일반공공행정,2016,5850607,4146343,천원,경상북도 영주시
15062963,경상북도 영주시 회계과,기타,2016,94852,94852,천원,경상북도 영주시
15062963,경상북도 영주시 새마을봉사과,일반공공행정,2016,481932,479509,천원,경상북도 영주시
15062963,경상북도 영주시 새마을봉사과,기타,2016,85886,85862,천원,경상북도 영주시
15062963,경상북도 영주시 새마을봉사과,농림해양수산,2016,33200,33200,천원,경상북도 영주시
15062963,경상북도 영주시 문화예술과,문화및관광,2016,59953013,22450033,천원,경상북도 영주시
15062963,경상북도 영주시 문화예술과,기타,2016,119581,113512,천원,경상북도 영주시
15062963,경상북도 영주시 문화예술과,일반공공행정,2016,759635,759568,천원,경상북도 영주시
15062963,경상북도 영주시 선비인재양성과,일반공공행정,2016,1106503,1026073,천원,경상북도 영주시
15062963,경상북도 영주시 선비인재양성과,환경보호,2016,49884,29988,천원,경상북도 영주시
15062963,경상북도 영주시 선비인재양성과,교육,2016,5984253,5950260,천원,경상북도 영주시
15062963,경상북도 영주시 선비인재양성과,사회복지,2016,2597806,267322,천원,경상북도 영주시
15062963,경상북도 영주시 선비인재양성과,기타,2016,142363,141611,천원,경상북도 영주시
15062963,경상북도 영주시 관광진흥과,문화및관광,2016,11942723,7062972,천원,경상북도 영주시
15062963,경상북도 영주시 관광진흥과,일반공공행정,2016,662092,654366,천원,경상북도 영주시
15062963,경상북도 영주시 관광진흥과,기타,2016,130075,130060,천원,경상북도 영주시
15062963,경상북도 영주시 관광진흥과,보건,2016,328236,,천원,경상북도 영주시
15062963,경상북도 영주시 사회복지과,사회복지,2016,51308294,46973156,천원,경상북도 영주시
15062963,경상북도 영주시 사회복지과,기타,2016,181808,170432,천원,경상북도 영주시
15062963,경상북도 영주시 아동청소년과,사회복지,2016,95032068,82598329,천원,경상북도 영주시
15062963,경상북도 영주시 아동청소년과,기타,2016,227000,226545,천원,경상북도 영주시
15062963,경상북도 영주시 안전재난과,공공질서및안전,2016,7299417,4626794,천원,경상북도 영주시
15062963,경상북도 영주시 안전재난과,기타,2016,72973,72973,천원,경상북도 영주시
15062963,경상북도 영주시 체육진흥과,문화및관광,2016,16254822,7404435,천원,경상북도 영주시
15062963,경상북도 영주시 체육진흥과,기타,2016,92247,92242,천원,경상북도 영주시
15062963,경상북도 영주시 교통행정과,수송및교통,2016,13392416,12916695,천원,경상북도 영주시
15062963,경상북도 영주시 교통행정과,기타,2016,130652,130223,천원,경상북도 영주시
15062963,경상북도 영주시 환경보호과,환경보호,2016,19070082,13792245,천원,경상북도 영주시
15062963,경상북도 영주시 환경보호과,기타,2016,1864718,1778100,천원,경상북도 영주시
15062963,경상북도 영주시 산림녹지과,농림해양수산,2016,8862633,7672032,천원,경상북도 영주시
15062963,경상북도 영주시 산림녹지과,기타,2016,99411,97709,천원,경상북도 영주시
15062963,경상북도 영주시 건설과,국토및지역개발,2016,6874412,6169046,천원,경상북도 영주시
15062963,경상북도 영주시 건설과,수송및교통,2016,15528408,10561421,천원,경상북도 영주시
15062963,경상북도 영주시 건설과,농림해양수산,2016,27019822,20649871,천원,경상북도 영주시
15062963,경상북도 영주시 건설과,기타,2016,779816,726160,천원,경상북도 영주시
15062963,경상북도 영주시 하천과,공공질서및안전,2016,15216627,14294135,천원,경상북도 영주시
15062963,경상북도 영주시 하천과,국토및지역개발,2016,42942165,25039938,천원,경상북도 영주시
15062963,경상북도 영주시 하천과,기타,2016,180023,141513,천원,경상북도 영주시
15062963,경상북도 영주시 도시과,국토및지역개발,2016,29805274,17955920,천원,경상북도 영주시
15062963,경상북도 영주시 도시과,기타,2016,137863,133956,천원,경상북도 영주시
15062963,경상북도 영주시 도시과,사회복지,2016,1718870,1198394,천원,경상북도 영주시
15062963,경상북도 영주시 도시과,농림해양수산,2016,5045626,2469210,천원,경상북도 영주시
15062963,경상북도 영주시 건축과,사회복지,2016,4641779,3762092,천원,경상북도 영주시
15062963,경상북도 영주시 건축과,국토및지역개발,2016,523339,487358,천원,경상북도 영주시
15062963,경상북도 영주시 건축과,기타,2016,96181,96163,천원,경상북도 영주시
15062963,경상북도 영주시 토지정보과,국토및지역개발,2016,1638748,1554839,천원,경상북도 영주시
15062963,경상북도 영주시 토지정보과,기타,2016,91385,91364,천원,경상북도 영주시
15062963,경상북도 영주시 보건소,보건,2016,7428197,7082390,천원,경상북도 영주시
15062963,경상북도 영주시 보건소,기타,2016,852691,805936,천원,경상북도 영주시
15062963,경상북도 영주시 보건소,사회복지,2016,240816,240816,천원,경상북도 영주시
15062963,경상북도 영주시 농업기술센터,농림해양수산,2016,77521843,63663335,천원,경상북도 영주시
15062963,경상북도 영주시 농업기술센터,기타,2016,1430748,1412319,천원,경상북도 영주시
15062963,경상북도 영주시 농업기술센터,문화및관광,2016,785198,731278,천원,경상북도 영주시
15062963,경상북도 영주시 의회사무국,일반공공행정,2016,1060474,992942,천원,경상북도 영주시
15062963,경상북도 영주시 의회사무국,기타,2016,278143,274951,천원,경상북도 영주시
15062963,경상북도 영주시 수도사업소,환경보호,2016,26757754,7809943,천원,경상북도 영주시
15062963,경상북도 영주시 수도사업소,기타,2016,3183647,,천원,경상북도 영주시
15062963,경상북도 영주시 수도사업소,예비비,2016,1419848,,천원,경상북도 영주시
15062963,경상북도 영주시 환경사업소,환경보호,2016,33678323,8855014,천원,경상북도 영주시
15062963,경상북도 영주시 환경사업소,기타,2016,2597520,110407,천원,경상북도 영주시
15062963,경상북도 영주시 환경사업소,예비비,2016,214535,,천원,경상북도 영주시
15062963,경상북도 영주시 문화예술회관,문화및관광,2016,676854,600900,천원,경상북도 영주시
15062963,경상북도 영주시 문화예술회관,기타,2016,127453,122221,천원,경상북도 영주시
15062963,경상북도 영주시 소수서원관리사무소,문화및관광,2016,1609449,1576708,천원,경상북도 영주시
15062963,경상북도 영주시 소수서원관리사무소,기타,2016,279608,257610,천원,경상북도 영주시
15062963,경상북도 영주시 풍기읍,일반공공행정,2016,772039,750582,천원,경상북도 영주시
15062963,경상북도 영주시 풍기읍,기타,2016,536732,506928,천원,경상북도 영주시
15062963,경상북도 영주시 이산면,일반공공행정,2016,497944,493247,천원,경상북도 영주시
15062963,경상북도 영주시 이산면,기타,2016,157054,145813,천원,경상북도 영주시
15062963,경상북도 영주시 평은면,일반공공행정,2016,411849,402054,천원,경상북도 영주시
15062963,경상북도 영주시 평은면,기타,2016,151405,150809,천원,경상북도 영주시
15062963,경상북도 영주시 문수면,일반공공행정,2016,436592,430458,천원,경상북도 영주시
15062963,경상북도 영주시 문수면,기타,2016,152346,144311,천원,경상북도 영주시
15062963,경상북도 영주시 장수면,일반공공행정,2016,496720,486015,천원,경상북도 영주시
15062963,경상북도 영주시 장수면,기타,2016,151937,139859,천원,경상북도 영주시
15062963,경상북도 영주시 안정면,일반공공행정,2016,546166,538754,천원,경상북도 영주시
15062963,경상북도 영주시 안정면,기타,2016,154217,146363,천원,경상북도 영주시
15062963,경상북도 영주시 봉현면,일반공공행정,2016,470094,458628,천원,경상북도 영주시
15062963,경상북도 영주시 봉현면,기타,2016,154271,135983,천원,경상북도 영주시
15062963,경상북도 영주시 순흥면,일반공공행정,2016,441466,431545,천원,경상북도 영주시
15062963,경상북도 영주시 순흥면,기타,2016,161347,146771,천원,경상북도 영주시
15062963,경상북도 영주시 단산면,일반공공행정,2016,446850,440822,천원,경상북도 영주시
15062963,경상북도 영주시 단산면,기타,2016,153888,140623,천원,경상북도 영주시
15062963,경상북도 영주시 부석면,일반공공행정,2016,591751,587099,천원,경상북도 영주시
15062963,경상북도 영주시 부석면,기타,2016,166228,148776,천원,경상북도 영주시
15062963,경상북도 영주시 상망동,일반공공행정,2016,367926,365418,천원,경상북도 영주시
15062963,경상북도 영주시 상망동,기타,2016,127360,121641,천원,경상북도 영주시
15062963,경상북도 영주시 하망동,일반공공행정,2016,282056,279894,천원,경상북도 영주시
15062963,경상북도 영주시 하망동,기타,2016,118570,111660,천원,경상북도 영주시
15062963,경상북도 영주시 영주1동,일반공공행정,2016,263365,253149,천원,경상북도 영주시
15062963,경상북도 영주시 영주1동,기타,2016,111646,108692,천원,경상북도 영주시
15062963,경상북도 영주시 영주2동,일반공공행정,2016,206978,203112,천원,경상북도 영주시
15062963,경상북도 영주시 영주2동,기타,2016,104854,97039,천원,경상북도 영주시
15062963,경상북도 영주시 휴천1동,일반공공행정,2016,316523,300467,천원,경상북도 영주시
15062963,경상북도 영주시 휴천1동,기타,2016,102938,101034,천원,경상북도 영주시
15062963,경상북도 영주시 휴천2동,일반공공행정,2016,240928,231317,천원,경상북도 영주시
15062963,경상북도 영주시 휴천2동,기타,2016,118290,116259,천원,경상북도 영주시
15062963,경상북도 영주시 휴천3동,일반공공행정,2016,396790,377905,천원,경상북도 영주시
15062963,경상북도 영주시 휴천3동,기타,2016,131670,119029,천원,경상북도 영주시
15062963,경상북도 영주시 가흥1동,일반공공행정,2016,408521,392260,천원,경상북도 영주시
15062963,경상북도 영주시 가흥1동,기타,2016,137846,131340,천원,경상북도 영주시
15062963,경상북도 영주시 가흥2동,일반공공행정,2016,403303,386353,천원,경상북도 영주시
15062963,경상북도 영주시 가흥2동,기타,2016,119380,110462,천원,경상북도 영주시
